LeaguePyramid,TeamRaw
"Norwegian Football League System","Viking II"
"Norwegian Football League System","Viking FK II"
"Argentine Football League System","Deportivo Riestra"
"Argentine Football League System","CA Central Cordoba"
"Argentine Football League System","Central Cordoba Santiago del Estero"
"Paraguayan Reserve Football League System","Guarani Asuncion (Res)"
"Paraguayan Reserve Football League System","Sportivo San Lorenzo (Res"
"Paraguayan Reserve Football League System","Clube Guarani Reserves"
"European Football Club Competition System","Viking"
"European Football Club Competition System","Bayern Munich"
"Norwegian Football League System","Rade"
"Norwegian Football League System","Rade IL"
"Argentine Football League System","Central Cordoba"
"Argentine Football League System","Central Cordoba (SdE)"
"Bangladeshi Football League System","Kodagu FC"
"Bangladeshi Football League System","Kodagu"
"ATP","Lehecka"
"ATP","Jiri Lehecka"
"Colombian Football League System","Orsomarso"
"Colombian Football League System","Quindio"
"Colombian Football League System","Orsomarso SC"
"Colombian Football League System","Deportes Quindio"
"Country","Cyprus U21"
"Country","Zimbabwe (W)"
"Country","West Indies (W)"
"Country","Zimbabwe W"
"Country","West Indies W"
"South African Cricket League System","Limpopo"
"South African Cricket League System","Garden Route Badgers"
"Country","Faroe Islands U21"
"Global Darts Tour System","Conor Heneghan"
"Global Darts Tour System","Andreas Harrysson"
"Country","Romania U21"
"Country","Australia Legends"
"Country","Pakistan Legends"
"Portuguese Basketball League System","GDESSA Barreiro"
"Portuguese Basketball League System","Quinta Dos Lombos"
"Portuguese Basketball League System","GDESSA Barreiro (W)"
"Portuguese Basketball League System","Quinta Dos Lombos (W)"
"Global Darts Tour System","Danny Trueman"
"European Handball League System","Bergischer HC"
"European Handball League System","IK Savehof"
"Romanian Handball League System","ACS Potaissa Turda"
"Romanian Handball League System","CSU Suceava"
"Romanian Handball League System","AHC Potaissa Turda"
"English Youth Football League System","Bolton Wanderers Reserve"
"English Youth Football League System","Bolton U21"
"Country","Bangladesh Champions"
"Country","England Legends"
"Country","Lithuania U21"
"Country","Bosnia And Herzegovina U21"
"Country","Bosnia & Herzegovina U21"
"Global Esports League System","Lavked"
"Global Esports League System","Esport Academy Copenhagen"
"Greek Football League System","Zakynthos"
"Greek Football League System","Apollon Kalamarias"
"ATP","Sa Heredia"
"ATP","E Ribeiro"
"ATP","Samuel Heredia"
"ATP","Eduardo Ribeiro"
"Country","England U19"
"Country","Belgium U19"
"Paraguayan Reserve Football League System","Cerro Porteno (Res)"
"Paraguayan Reserve Football League System","Club 2 de Mayo (Res)"
"Paraguayan Reserve Football League System","Cerro Porteno Asuncion Reserve"
"Paraguayan Reserve Football League System","Club 2 de Mayo Reserves"
"Paraguayan Reserve Football League System","Cerro Porteno"
"Paraguayan Reserve Football League System","2 de Mayo"
"Greek Football League System","Nestos Chrysoupoli FC"
"Greek Football League System","Marko"
"Country","Malta U21"
"Country","Northern Ireland U21"
"Country","Greece U21"
"National League System","Braintree"
"National League System","Braintree Town"
"National League System","Braintree Town FC"
"Country","Wales U21"
"Country","Austria U21"
"Country","Turkiye U21"
"Italian Football League System","Lazio"
"Italian Football League System","Monza"
"Country","Cyprus U19"
"Country","Malta U19"
"Country","Jordan"
"Country","Venezuela"
"Chinese Football League System","Beijing Institute Of Technology FC"
"Chinese Football League System","Chengdu Rongcheng B"
"Chinese Football League System","Beijing Tech FC"
"Chinese Football League System","Chengdu Rongcheng II"
"German Basketball League System","Basketball Lowen Braunschweig"
"German Basketball League System","Braunschweig"
"ATP","Liam Draxl"
"ATP","Draxl"
"European Basketball League System","KK Partizan Nis Belgrade"
"European Basketball League System","BC Mega Basket"
"European Basketball League System","KK Mega Basket Belgrade"
"Brazilian Football League System","Athletic Club MG"
"Brazilian Football League System","Goias EC GO"
"Brazilian Football League System","Athletic Club Sjdr MG"
"Country","Georgia U21"
"Country","Denmark U21"
"Country","Argentina"
"Country","Benin"
"National Hockey League System","Pittsburgh Penguins"
"ATP","Timofey Skatov"
"ATP","Skatov"
"Greek Football League System","Nestos Chrysoupoli"
"Chinese Football League System","Shenzhen 2028"
"Chinese Football League System","Shandong Taishan II"
"Chinese Football League System","Shandong Taishan B"
"North American Basketball League System","Sacramento Kings"
"North American Basketball League System","Los Angeles Lakers"
"Country","Albania U21"
"Brazilian Football League System","Vitoria"
"Brazilian Football League System","Chapecoense"
"Brazilian Football League System","Chapecoense SC"
"North American Basketball League System","L.A. Lakers"
"European Basketball Club Competition System","KK Bosna Royal Sarajevo"
"European Basketball Club Competition System","PAOK BC"
"European Basketball Club Competition System","Bosna Sarajevo"
"European Basketball Club Competition System","PAOK Thessaloniki"
"ATP","Munar"
"ATP","Jaume Munar"
"North American Basketball League System","Philadelphia 76ers"
"North American Basketball League System","New York Knicks"
"European Basketball Club Competition System","London Lions"
"European Basketball Club Competition System","La Laguna Tenerife"
"North American Basketball League System","Detroit Pistons"
"North American Basketball League System","Phoenix Suns"
"North American Basketball League System","Atlanta Hawks"
"North American Basketball League System","Memphis Grizzlies"
"ATP","Mi Zheng"
"ATP","Hanfmann"
"ATP","Yannick Hanfmann"
"English Football League","Sheffield Wednesday"
"Portuguese Youth Football League System","SC Uniao Torreense U23"
"Portuguese Youth Football League System","GD Estoril Praia U23"
"Portuguese Youth Football League System","Torreense U23"
"Portuguese Youth Football League System","Estoril Praia U23"
"Country","Bhutan"
"Portuguese Handball League System","Sporting Clube Portugal"
"Portuguese Handball League System","Sporting CP"
"European Basketball Club Competition System","Fraport Skyliners Frankfurt"
"European Basketball Club Competition System","Siauliu Siauliai"
"European Basketball Club Competition System","Skyliners Frankfurt"
"European Basketball Club Competition System","BC Siauliai"
"ATP","Borges"
"ATP","Diaz Acosta"
"ATP","Nuno Borges"
"ATP","Facundo Diaz Acosta"
"Global Esports League System","Spirit"
"Global Esports League System","Team Spirit"
"European Handball League System","Saint Raphael"
"European Handball League System","Elverum Handball"
"Portuguese Handball League System","AD Carvalhos"
"Bahraini Basketball League System","Sitra"
"Bahraini Basketball League System","AL Manama"
"Global Esports League System","M80"
"Global Esports League System","TYLOO"
"English Football League","Stockport County"
"English Football League","Stockport"
"ATP","Alibek Kachmazov"
"ATP","Charles Broom"
"ATP","Kachmazov"
"ATP","Ch Broom"
"ATP","Ar Gea"
"ATP","Arthur Gea"
"ATP","Liam Draxl (CAN)"
"ATP","Keisuke Saitoh"
"ATP","Dominik Palan"
"ATP","Saitoh"
"ATP","Palan"
"Russian Hockey League System","MHC Spartak Max"
"Russian Hockey League System","Almaz Cherepovets"
"ATP","Royer"
"ATP","Djokovic"
"ATP","Alex de Minaur"
"ATP","Novak Djokovic"
"National Hockey League System","Dallas Stars"
"National Hockey League System","San Jose Sharks"
"ATP","Max Purcell"
"ATP","Filip Peliwo"
"ATP","Purcell"
"ATP","Peliwo"
"Norwegian Football League System","Fana"
"Norwegian Football League System","Asane II"
"Norwegian Football League System","Asane Fotball II"
"Bahraini Basketball League System","AL Hala"
"Bahraini Basketball League System","Isa Town"
"ATP","Martin Borisiouk"
"NCAA American Football System","Utah State Aggies"
"NCAA American Football System","Utah State"
"Israeli Football League System","Hapoel Kaukab"
"Israeli Football League System","Hapoel Deir Hanna"
"ATP","Yoshihito Nishioka"
"German Handball League System","VfL Potsdam"
"German Handball League System","TuS Ferndorf"
"German Handball League System","1. VfL Potsdam"
"Portuguese Youth Football League System","Torreense"
"Portuguese Youth Football League System","Estoril"
"ATP","Arends S / Pel D"
"ATP","Cash J / Glasspool L"
"ATP","Cash/Glasspool"
"Country","Serbia U21"
"Country","Russia U21"
"ATP","Glinka"
"ATP","Onclin"
"ATP","Gauthier Onclin"
"Country","Herzegovina"
"Country","Herz"
"ATP","Julian Cash / Lloyd Glasspool"
"Uruguayan Reserve Football League System","River Plate Montevideo"
"Uruguayan Reserve Football League System","Atl River Plate (Res)"
"European Handball League System","Sesvete"
"European Handball League System","TATRAN Presov"
"European Handball League System","MRK Sesvete"
"European Handball League System","HT Tatran Presov"
"European Basketball Club Competition System","KK Cedevita Olimpija Ljubljana"
"European Basketball Club Competition System","Hapoel Jerusalem"
"European Basketball Club Competition System","KK Cedevita Olimpija"
"Italian Basketball League System","Scaligera Basket Verona"
"Italian Basketball League System","Olimpia Milano"
"Chinese Football League System","Hangzhou Linping"
"Chinese Football League System","Xian Chongde Ronghai"
"Chinese Football League System","Hangzhou Linping Wuyue"
"WTA","Ann Li"
"WTA","Viktoria Hruncakova"
"WTA","A Mert"
"WTA","Hruncakova"
"WTA","Simona Waltert"
"WTA","Melisa Ercan"
"English Football League","Doncaster Rovers"
"English Football League","Liverpool FC Reserve"
"English Football League","Doncaster"
"National Hockey League System","Boston Bruins"
"National Hockey League System","Ottawa Senators"
"Uruguayan Football League System","Club Nacional De Football"
"Uruguayan Football League System","Nacional (Uru)"
"Global Esports League System","GAM Esports"
"ATP","Carlos Alcaraz"
"Finnish Football League System","KuPS Akatemia"
"Finnish Football League System","Inter Turku/2"
"Finnish Football League System","Inter Turku 2"
"ATP","Holmgren"
"ATP","Martinez"
"ATP","August Holmgren"
"ATP","Pedro Martinez"
"ATP","Carlo Alberto Caniato"
"ATP","Florian Broska"
"ATP","Da Blanch"
"ATP","Alcala Gurri"
"ATP","Dali Blanch"
"ATP","Max Alcala Gurri"
"English Football League","Northampton Town"
"English Football League","Northampton"
"Danish Hockey League System","Roedovre Mighty Bulls"
"Danish Hockey League System","Esbjerg Energy"
"Danish Hockey League System","Rodovre Mighty Bulls"
"WTA","Daria Khomutsianskaya"
"WTA","Tyra Caterina Grant"
"WTA","Khamutsianskaya"
"WTA","Ty Grant"
"Bahraini Basketball League System","Al Samaheej"
"Bahraini Basketball League System","Al Muharraq"
"Bahraini Basketball League System","Samaheej"
"Swedish Hockey League System","Timraa IK"
"Swedish Hockey League System","Frolunda HC"
"Swedish Hockey League System","Timra IK"
"Swedish Hockey League System","Brynas IF"
"Swedish Hockey League System","Skelleftea AIK"
"Swedish Hockey League System","Farjestads BK"
"ATP","Bu Gadamauri"
"ATP","P Vives Marcos"
"Swedish Hockey League System","Rogle BK"
"Swedish Hockey League System","HV71"
"English Football League","Wingate & Finchley"
"English Football League","Bedford Town"
"Chilean Basketball League System","CD Universidad Catolica"
"Chilean Basketball League System","CD Universidad Catolica de Santiago"
"North American Basketball League System","New Orleans Pelicans"
"North American Basketball League System","Oklahoma City Thunder"
"European Basketball Club Competition System","KK Buducnost Podgorica"
"European Basketball Club Competition System","Generazione Vincente Cuore Napoli"
"European Basketball Club Competition System","KK Buducnost Voli"
"European Basketball Club Competition System","Gevi Napoli Basket"
"European Basketball Club Competition System","JL Bourg Basket"
"European Basketball Club Competition System","Tofas SK Bursa"
"European Basketball Club Competition System","Tofas SK"
"Peruvian Football League System","Union Minas"
"Peruvian Football League System","Union Comercio"
"WTA","Iva Jovic"
"WTA","Iga Swiatek"
"ATP","Maestrelli"
"ATP","Oliv Tarvet"
"ATP","Oliver Tarvet"
"Portuguese Football League System","Benfica II"
"Portuguese Football League System","Felgueiras"
"Vietnamese Football League System","Lam Dong"
"Vietnamese Football League System","Song Lam Nghe An"
"ATP","Hynek Barton"
"German Hockey League System","Krefeld Pinguine"
"ATP","Hy Barton"
"ATP","To Samuel"
"Sri Lankan Cricket League System","Cdb A"
"Sri Lankan Cricket League System","Slc Emerging"
"ATP","Edas Butvilas"
"ATP","Max Hans Rehberg"
"ATP","Butvilas"
"ATP","Max Rehberg"
"WTA","Linda Klimovicova"
"WTA","Lin Klimovicova"
"ATP","Dougaz"
"ATP","Aziz Dougaz"
"Swiss Hockey League System","HC Fribourg"
"Swiss Hockey League System","Gotteron"
"Country","Maxence Lacroix"
"Paraguayan Reserve Football League System","Libertad Asuncion Reserve"
"Czech Hockey League System","Sparta Prague"
"Country","India A"
"Country","Australia A"
"Hungarian Basketball League System","Ludovika"
"European Handball League System","Paris Saint"
"European Handball League System","Germain"
"Czech Basketball League System","Levharti Chomutov"
"Czech Basketball League System","Dsk Levharti Chomutov (W)"
"ATP","Felix Balshaw"
"ATP","Joel Josef Schwaerzler"
"ATP","Balshaw"
"ATP","Joe Schwaerzler"
"ATP","Mackenzie McDonald"
"ATP","Mac McDonald"
"NCAA American Football System","Troy"
"NCAA American Football System","Troy Trojans"
"NCAA American Football System","Southern Miss Golden Eagles"
"Bangladeshi Football League System","Bengaluru United"
"Bangladeshi Football League System","Rebels FC"
"Bangladeshi Football League System","FC Bengaluru United"
"NCAA American Football System","Kennesaw State Owls"
"NCAA American Football System","Jacksonville State Gamecocks"
"WTA","Daria Snigur"
"WTA","Mirra Andreeva"
"WTA","Snigur"
"WTA","Mir Andreeva"
"ATP","Thiago Seyboth Wild"
"ATP","Matias Soto"
"ATP","Th Seyboth Wild"
"ATP","Ma Soto"
"ATP","Patrick Schoen"
"ATP","Andrej Nedic"
"Uruguayan Football League System","Montevideo Nacional"
"English Football League","Atherton Collieries AFC"
"English Football League","Trafford FC"
"ATP","Michele Ribecai"
"ATP","Benito Sanchez Martinez"
"ATP","Ribecai"
"ATP","Be Sanchez Martinez"
"Brazilian Football League System","Botafogo FR RJ"
"Brazilian Football League System","CR Vasco Da Gama RJ"
"ATP","Kolar"
"ATP","Nicolas Villalon Valdes"
"ATP","Villalon Valdes"
"ATP","Munk Mesa"
"ATP","Jo Reis Da Silva"
"ATP","Bernardo Munk Mesa"
"ATP","Joao Lucas Reis Da Silva"
"Hungarian Basketball League System","BEAC"
"Chinese Football League System","Beijing Institute of Technology"
"English Football League","Halesowen Town FC"
"English Football League","Stafford Rangers"
"Colombian Football League System","Bogota FC"
"Colombian Football League System","Envigado FC"
"ATP","Fi Moroni"
"Argentine Football League System","Velez Sarsfield"
"WTA","Karolina Muchova"
"WTA","Naomi Osaka"
"Argentine Basketball League System","Asociacion Atletica Quimsa"
"Argentine Basketball League System","Asociacion Deportiva Atenas"
"Argentine Basketball League System","Asosiacion Atletica Qui"
"Argentine Basketball League System","Asociacion Deportiva At"
"Argentine Football League System","Club Atletico Velez Sarsfield"
"NCAA American Football System","South Carolina Gamecocks"
"NCAA American Football System","South Carolina"
"USA American Football League System","Juwan Johnson"
"Ultimate Fighting Championship System","Alexander Chavez"
"Ultimate Fighting Championship System","Roque Conceicao"
"National Hockey League System","Toronto Maple Leafs"
"National Hockey League System","Nashville Predators"
"International Basketball Club Competition System","KK Igokea Aleksandrovac"
"International Basketball Club Competition System","Bilbao Basket"
"North American Basketball League System","Milwaukee Bucks"
"North American Basketball League System","Minnesota Timberwolves"
"Vietnamese Football League System","Pho Hien FC"
"Vietnamese Football League System","Clb Bong Da Hue"
"ATP","Zdenek Kolar"
"ATP","Abdullah Shelbayh"
"WTA","Putintseva"
"WTA","Yus Shao"
"WTA","Yulia Putintseva"
"WTA","Yushan Shao"
"ATP","Christian Langmo"
"ATP","Lorenzo Giustino"
"Finnish Basketball League System","Kauhajoki Karhu Basket"
"Finnish Basketball League System","Bisons Loimaa"
"Finnish Basketball League System","Kauhajoki Karhu"
"Finnish Basketball League System","LoKoKo Bisons"
"Algerian Football League System","Ben Aknoun"
"Algerian Football League System","JS El Biar"
"Algerian Football League System","ES Ben Aknoun"
"Global Esports League System","G2"
"Global Esports League System","PVISION"
"Global Esports League System","G2 Esports"
"Global Esports League System","PARIVISION"
"Algerian Football League System","CS Constantine"
"Algerian Football League System","CR Belouizdad"
"Algerian Football League System","USM Khenchela"
"Algerian Football League System","Belouizdad"
"ATP","Kalin Ivanovski"
"ATP","Alejandro Moro Canas"
"WTA","Helena Muzinic"
"Finnish Basketball League System","Kauhajoen Karhu"
"ATP","Ivanovski"
"Mexican Football League System","Celaya"
"Mexican Football League System","Jaguares FC"
"Mexican Football League System","Cafetaleros de Chiapas"
"Country","Moldova U21"
"ATP","Prado Angelo"
"ATP","Joa Schiessl"
"ATP","Joao Eduardo Schiessl"
"National Hockey League System","Seattle Kraken"
"National Hockey League System","Vegas Golden Knights"
"Portuguese Youth Football League System","Moreirense FC U23"
"ATP","Simakin"
"ATP","Ilia Simakin"
"ATP","Michael Zheng"
"Spanish Football League System","Espanyol"
"ATP","Ryan Seggerman"
"ATP","Hikaru Shiraishi"
"ATP","Seggerman"
"ATP","Hika Shiraishi"
"North American Basketball League System","Brooklyn Nets"
"North American Basketball League System","Charlotte Hornets"
"Chinese Football League System","Haimen Codion"
"Chinese Football League System","Xiamen Feilu"
"Chinese Football League System","Nantong Haimen Codion"
"Country","Saudi Arabia U20"
"Country","Armenia U20"
"WTA","I Jovic"
"Ukrainian Football League System","FK Trostyanets"
"Ukrainian Football League System","FC Chernigiv"
"ATP","Ar Fery"
"ATP","Cilic"
"ATP","Arthur Fery"
"ATP","Marin Cilic"
"Chinese Football League System","Changchun Xidu"
"Chinese Football League System","Guangzhou Dandelion Alpha FC"
"Chinese Football League System","Guangzhou Alpha"
"National League System","Truro City"
"National League System","Truro City FC"
"English Football League","AFC Wimbledon"
"English Football League","Barnet"
"National League System","Welling Utd"
"National League System","Welling United"
"National League System","Stanway Rovers"
"National League System","Enfield Town"
"Argentine Reserve Football League System","Atletico de Rafaela"
"Argentine Reserve Football League System","At Rafaela Reserve"
"National League System","Cheshunt FC"
"National League System","Cheshunt"
"Argentine Reserve Football League System","Racing Club"
"Argentine Reserve Football League System","River Plate"
"Argentine Reserve Football League System","Racing Club Reserve"
"Argentine Reserve Football League System","CA River Plate (Arg) Reserve"
"English Football League","Mansfield Town"
"English Football League","Mansfield"
"Vietnamese Football League System","Binh Phuoc"
"Vietnamese Football League System","Tdcs Dong Thap"
"Vietnamese Football League System","Dong Nai"
"Vietnamese Football League System","Binh Minh Sai Gon"
"Paraguayan Football League System","Dr Ben Aceval"
"Paraguayan Football League System","Indep'nte FBC"
"Portuguese Youth Football League System","Estrela da Amadora"
"Portuguese Youth Football League System","Estrela Amadora U23"
"Norwegian Football League System","Skjetten"
"Norwegian Football League System","Kongsvinger II"
"Norwegian Football League System","Kongsvinger Il"
"South Korean Basketball League System","LG Sakers"
"South Korean Basketball League System","Suwon KT Sonicboom"
"South Korean Basketball League System","Changwon LG Sakers"
"Paraguayan Reserve Football League System","Nacional Asuncion"
"Paraguayan Reserve Football League System","Nacional Asuncion (Res)"
"Chinese Football League System","Guangzhou Dandelion Alpha"
"Chinese Football League System","Shanghai Second"
"Chinese Football League System","Wenzhou Professional"
"Chinese Football League System","Shanghai Segenda"
"Chinese Football League System","Wenzhou FC"
"English Football League","Wingate and Finchley"
"Slovenian Football League System","Bilje"
"Slovenian Football League System","Jadran Dekani"
"Slovenian Football League System","NK Bilje"
"Slovenian Football League System","NK Jadran Dekani"
"Paraguayan Reserve Football League System","Nacional Asuncion Reserve"
"Brazilian Football League System","Avai FC SC"
"Chinese Football League System","Qingdao Red Lions"
"Chinese Football League System","Wuhan Three Towns II"
"Finnish Basketball League System","Kouvot Kouvola"
"Finnish Basketball League System","Kipina Basket"
"Finnish Basketball League System","Honka Espoo"
"Finnish Basketball League System","Tampereen Pyrinto"
"Finnish Basketball League System","Pyrinto Tampere"
"Finnish Basketball League System","Tapiolan Honka"
"WTA","Brenda Fruhvirtova"
"WTA","Karolina Mrazikova"
"Chinese Football League System","Hubei Istar"
"Chinese Football League System","Lanzhou Longyuan"
"Chinese Football League System","Lanzhou Longyuan Athletic"
"Chinese Football League System","Rizhao Yuqi"
"Finnish Basketball League System","Korihait Uusikaupunki"
"Finnish Basketball League System","Helsinki Seagulls"
"Finnish Basketball League System","Korihait"
"Spanish Football League System","Barcelona FC"
"Spanish Football League System","Barcelona"
"WTA","Madeleine Brooks / Ekaterina Ovcharenko"
"WTA","Ya"
"Finnish Basketball League System","Uu"
"Chinese Football League System","Hubei Chufeng Heli FC"
"Hong Kong Basketball League System","STC Eagle"
"Hong Kong Basketball League System","South China"
"Hong Kong Basketball League System","Eagle STC"
"Chinese Football League System","Guizhou Zhucheng Athletic"
"Chinese Football League System","Shanghai Port II"
"Chinese Football League System","Shanghai Port B"
"Colombian Football League System","Boca Juniors de Cali"
"ATP","Jay Dylan Hara Friend"
"ATP","Yuta Kikuchi"
"North American Basketball League System","Golden State Warriors"
"Italian Football League System","Roma"
"Italian Football League System","Genoa"
"English Football League","Scarborough Athletic"
"English Football League","Macclesfield Town"
"English Football League","Macclesfield FC"
"European Basketball Club Competition System","Aquila Basket Trento"
"European Basketball Club Competition System","Slask Wroclaw"
"International Basketball Club Competition System","BK Sabah Baku"
"ATP","Matteo Berrettini"
"ATP","Holger Vitus Nodskov Rune"
"ATP","Daniel Altmaier"
"South Korean Baseball League System","SSG Landers"
"Portuguese Football League System","Sporting CP"
"Portuguese Football League System","Sporting Clube De Portugal CP"
"ATP","Hol Rune"
"ATP","Altmaier"
"International Basketball Club Competition System","Hapoel Holon BC"
"International Basketball Club Competition System","Cholet Basket"
"Ecuadorian Football League System","Vinotinto"
"International Basketball Club Competition System","Club Joventut Badalona"
"International Basketball Club Competition System","Bnei Herzelia"
"European Handball League System","Mors"
"European Handball League System","Thy Handbold"
"European Handball League System","Thy Haandbold"
"English Football League","Halesowen Town"
"National Hockey League System","Kirill Kaprizov"
"English Football League","Spalding United"
"English Football League","Bury Town FC"
"English Football League","Bury Town"
"ATP","Berrettini"
"ATP","Luca Van Assche"
"ATP","Van Assche"
"Icelandic Basketball League System","UMF Njardvik (W)"
"Icelandic Basketball League System","Keflavik (W)"
"Icelandic Basketball League System","UMF Njardvik"
"Icelandic Basketball League System","Keflavik"
"Chinese Football League System","Guizhou Zhucheng Athletic FC"
"Global Esports League System","MOUZ NXT"
"Japanese Football League System","Tokyo Verdy"
"Japanese Football League System","FC Tokyo"
"Japanese Football League System","Shonan Bellmare"
"Global Darts Tour System","Alex Spellman"
"Japanese Football League System","Sanfrecce Hiroshima"
"ATP","Cameron Norrie"
"ATP","Norrie"
"Japanese Football League System","Avispa Fukuoka"
"Japanese Football League System","Yokohama FC"
"Japanese Football League System","FC Yokohama"
"Japanese Football League System","Cerezo Osaka"
"Japanese Football League System","Kagoshima United FC"
"Bangladeshi Football League System","Bangalore City FC"
"Bangladeshi Football League System","Parikrma FC"
"South Korean Women's Football League System","Sejong Sportstoto WFC (W)"
"South Korean Women's Football League System","Incheon Hyundai Steel (W)"
"South Korean Women's Football League System","Sejong FC Women"
"South Korean Women's Football League System","Incheon Steel Women"
"Ultimate Fighting Championship System","Ozzy Martin"
"Ultimate Fighting Championship System","Salhahuddin Everett"
"Ultimate Fighting Championship System","Sal Everett"
"ATP","Zachary Svajda"
"International Basketball Club Competition System","Peristeri Athens"
"International Basketball Club Competition System","Brose Bamberg"
"Japanese Football League System","Fagiano Okayama"
"Japanese Football League System","Jef United Ichihara Chiba"
"Japanese Football League System","JEF United Chiba"
"ATP","Tirante"
"ATP","Ha Medjedovic"
"ATP","Thiago Agustin Tirante"
"ATP","Hamad Medjedovic"
"WTA","Alexandrova"
"WTA","Eikeri U / Gleason Q"
"WTA","Dabrowski G / Stefani L"
"WTA","Eikeri/Gleason"
"WTA","Dabrowski/Stefani"
"Kenyan Football League System","FC Kariobangi Sharks"
"Kenyan Football League System","Mombasa United"
"South Korean Women's Football League System","Sejong Sportstoto"
"South Korean Women's Football League System","Incheon Hyundai Steel Red Angels"
"Azerbaijani Football League System","FK Sahdag Qusar"
"Azerbaijani Football League System","Zaqatala"
"Country","Harry Kane"
"European Handball League System","RD Slovan"
"European Handball League System","Valur Reykjavik"
"Swiss Basketball League System","Geneva Elite Basket"
"Swiss Basketball League System","Helios Vs Basket"
"Swiss Basketball League System","Geneve Elite Basket (W)"
"Chinese Football League System","Yanbian Longding"
"European Handball League System","BM Granollers"
"European Handball League System","HC Buzau"
"Chinese Football League System","Suzhou Dongwu"
"English Football League","Macclesfield"
"Global Esports League System","Valerion"
"Global Esports League System","Solary"
"WTA","Li/Zhang"
"WTA","Qu/Shao"
"Chinese Football League System","Nantong Zhiyun FC"
"Chinese Football League System","Langfang Glory City FC"
"Chinese Football League System","Xi An Ronghai"
"Chinese Football League System","Xi'an Chongde Ronghai"
"Chinese Football League System","Shijiazhuang Gongfu FC"
"Chinese Football League System","Shijiazhuang Gongfu"
"European Handball League System","Tth Holstebro"
"European Handball League System","SL Benfica"
"European Handball League System","Team Tvis Holstebro"
"English Youth Football League System","Charlton Athletic U21"
"Japanese Football League System","Hiroshima"
"Chinese Football League System","Guangdong Mingtu"
"Chinese Football League System","Dalian Yingbo II"
"Chinese Football League System","Dalian Yingbo B"
"Chinese Football League System","Guangdong Mingtu FC"
"Chinese Football League System","Dalian Yingbo FC B"
"Global Esports League System","Solary (Kills)"
"Global Esports League System","Valerion (Kills)"
"Argentine Reserve Football League System","Ferro Carril Oeste Reserve"
"Argentine Reserve Football League System","Independiente Reserve"
"Argentine Reserve Football League System","Ferro Carril Oeste"
"Argentine Reserve Football League System","CA Independiente"
"Uruguayan Football League System","Juventud Las Piedras"
"Uruguayan Football League System","Juventud"
"Brazilian Football League System","SC Corinthians SP"
"Argentine Reserve Football League System","Estudiantes De Rio Cuarto Reserve"
"Argentine Reserve Football League System","Estudiantes Rio Cuarto"
"Japanese Football League System","Shimizu S"
"Japanese Football League System","Pulse"
"Argentine Basketball League System","Ciclista Olimpico de La Banda"
"Argentine Basketball League System","Ciclista Olimpico de La"
"Country","Egypt U20"
"ATP","Gustavo Heide"
"European Basketball Club Competition System","CB 1939 Canarias"
"Argentine Reserve Football League System","Quilmes"
"Argentine Reserve Football League System","CA Quilmes Reserve"
"WTA","Luciana Moyano"
"WTA","Sofia Nahiara Nappi"
"Portuguese Youth Football League System","Moreirense"
"Finnish Hockey League System","Pyry"
"Japanese Football League System","Shonan"
"South Korean Basketball League System","Kcc Egis"
"South Korean Basketball League System","Daegu Korea Gas Corporation"
"South Korean Basketball League System","Busan KCC Egis"
"South Korean Basketball League System","Daegu Kogas Pegasus"
"European Handball League System","FH Hafnarfjardar"
"European Handball League System","Limoges Handball"
"German Women's Handball League System","Neckarsulmer (W)"
"German Women's Handball League System","Frisch Auf Goppingen (W)"
"ATP","Cacao/Rocha"
"ATP","Bass/Duncan"
"Paraguayan Reserve Football League System","Sportivo Trinidense (Res)"
"Japanese Football League System","Tokyo"
"Paraguayan Reserve Football League System","Club Sportivo Trinidense Reserves"
"Japanese Football League System","Kawasaki Frontale"
"Montenegrin Football League System","Arsenal Tivat"
"Montenegrin Football League System","Decic Tuzi"
"Montenegrin Football League System","FK Arsenal Tivat"
"Montenegrin Football League System","FK Decic Tuzi"
"International Basketball Club Competition System","Cb Murcia"
"International Basketball Club Competition System","Varese"
"Turkish Football League System","Pazarspor"
"Turkish Football League System","Somaspor Spor Kulubu"
"Turkish Football League System","Alanya 1221"
"Turkish Football League System","Alanya Kestelspor"
"Turkish Football League System","Silivrispor"
"Turkish Football League System","Bulvarspor"
"BNXT League System","Brussels Basketball"
"BNXT League System","Liege Basket"
"BNXT League System","Phoenix Brussels"
"BNXT League System","Cb Liege"
"Turkish Football League System","Osmaniyespor 2011"
"Turkish Football League System","Mersin Idman Yurdu"
"Turkish Football League System","Osmaniyespor FK"
"Turkish Football League System","Icel Idmanyurdu Spor"
"Turkish Football League System","Nigde Belediyesispor"
"Turkish Football League System","Agrispor 1970"
"Turkish Football League System","Nigde Belediyespor"
"Turkish Football League System","Agri 1970 Spor"
"Turkish Football League System","Eskisehir Anadolu"
"Turkish Football League System","Kepezspor"
"Turkish Football League System","Anadolu Universitesi"
"Turkish Football League System","Antalya Kepezspor"
"German Women's Handball League System","Borussia Dortmund (W)"
"German Women's Handball League System","Buxtehuder SV (W)"
"Portuguese Youth Football League System","Estrela U23"
"Peruvian Football League System","Pirata FC"
"Peruvian Football League System","Ayacucho"
"Peruvian Football League System","Ayacucho Futbol Club"
"Global Esports League System","9z"
"Global Esports League System","BB Team"
"European Handball League System","Wybrzeze Gdansk"
"European Handball League System","RK Pelister"
"European Handball League System","Energa Wybrzeze Gdansk"
"Peruvian Football League System","Ayacucho FC"
"Polish Basketball League System","KS Basket 25 Bydgoszcz (W)"
"Polish Basketball League System","ENEA AZS Poznan (W)"
"Polish Basketball League System","KS Basket 25 Bydgoszcz"
"Polish Basketball League System","AZS Poznan"
"European Handball League System","AA Aguas Santas"
"European Handball League System","SG Flensburg"
"Lithuanian Basketball League System","Vytis"
"Lithuanian Basketball League System","VDU Sakiai"
"Lithuanian Basketball League System","Vytis Sakiai"
"Lithuanian Basketball League System","Neptunas Klaipeda II"
"Norwegian Football League System","Kristiansund"
"International Basketball Club Competition System","Telekom Baskets Bonn"
"International Basketball Club Competition System","FC Porto"
"Turkish Football League System","Osmaniyespor"
"Turkish Football League System","Yeni Mersin Idmanyurdu"
"WTA","Astakhova"
"WTA","Zarazua"
"English Football League","Oxford Utd"
"Uruguayan Reserve Football League System","MC Torque (Res)"
"Uruguayan Reserve Football League System","Penarol (Res)"
"ATP","Derepasko"
"National Hockey League System","Detroit Red Wings"
"English Football League","Sheffield United"
"English Football League","Lincoln City"
"English Football League","Sheff Utd"
"English Football League","Lincoln"
"English Football League","Sheffield United FC"
"English Football League","Lincoln City FC"
"ATP","Kasidit Samrej"
"European Basketball League System","BK Liepaja"
"European Basketball League System","BBC Lausanne"
"Romanian Basketball League System","CSS Ramnicu Valcea"
"Romanian Basketball League System","Steaua CSM Bucuresti"
"Romanian Basketball League System","CS Valcea 1924"
"Romanian Basketball League System","BC Steaua Bucuresti"
"Slovak Basketball League System","BC Slovan Bratislava"
"ATP","Sun"
"ATP","Kasid Samrej"
"English Football League","Blackpool FC"
"NCAA American Football System","Kentucky Wildcats"
"Chinese Football League System","Nanjing City"
"National Hockey League System","Andrew Copp"
"ATP","Joao Lucas Da Silva"
"Czech Hockey League System","Bili Tygri Liberec"
"Moroccan Football League System","Union Touarga"
"Montenegrin Football League System","Bokelj Kotor"
"Montenegrin Football League System","Petrovac"
"Montenegrin Football League System","FK Bokelj Kotor"
"Montenegrin Football League System","OFK Petrovac"
"WTA","Errani/Paolini"
"WTA","Boulter/Starodubtseva"
"WTA","Sara Errani / Jasmine Paolini"
"WTA","Katie Boulter / Yuliia Starodubtseva"
"WTA","Errani S / Paolini J"
"WTA","Boulter K / Starodubtseva Y"
"ATP","Marco Trungelliti"
"ATP","Rei Sakamoto"
"Azerbaijani Football League System","Sahdag Qusar"
"Azerbaijani Football League System","FC Sahdag Qusar"
"Azerbaijani Football League System","Zaqatala FK"
"European Handball League System","CSM Bucuresti"
"European Handball League System","Chambery Savoie"
"European Handball League System","Chambery Savoie Mont Blanc Handball"
"ATP","Yibing Wu"
"English Football League","Stockport County FC"
"English Football League","Salford City FC"
"English Football League","Barnet FC"
"ATP","Zhou Yi"
"Algerian Football League System","Olympique Akbou"
"Algerian Football League System","MB Rouisset"
"Algerian Football League System","USM Alger"
"ATP","M Giunta"
"European Basketball Club Competition System","Dolomiti Energia Aquila Basket Trento"
"European Basketball Club Competition System","WKS Slask Wrocław"
"European Basketball Club Competition System","Aquila Trento"
"English Football League","Newport County AFC"
"Swiss Basketball League System","Baden Basket 54"
"Swiss Basketball League System","GC Zurich Wildcats (W)"
"Swiss Basketball League System","Baden Basket 54 (W)"
"National Hockey League System","Montreal Canadiens"
"National Hockey League System","Carolina Hurricanes"
"ATP","Holger Rune"
"German Hockey League System","ERC Ingolstadt"
"French Handball League System","Cesson"
"ATP","Stefanos Tsitsipas"
"ATP","Tsitsipas"
"Icelandic Basketball League System","Stjarnan FC"
"Icelandic Basketball League System","Armann"
"Icelandic Basketball League System","Stjarnan FC (W)"
"Icelandic Basketball League System","Armann (W)"
"National Hockey League System","Anton Frondell"
"National League System","Stockton Town"
"Swedish Football League System","Oddevold"
"Swedish Football League System","Nordic United"
"Swedish Football League System","IK Oddevold"
"Swedish Football League System","Nordic United FC"
"Portuguese Football League System","Maritimo"
"Moroccan Football League System","HUSA Agadir"
"Moroccan Football League System","Hassania Union Sport Agadir"
"Moroccan Football League System","Hassania Agadir"
"Turkish Football League System","Gaziemir GOG Sor Yat AS"
"Moroccan Football League System","FAR Rabat"
"Moroccan Football League System","AS Far Rabat"
"Country","Jiri SLAMA"
"Country","Trent Alexander"
"Country","Arnold"
"Country","Mikael Anderson"
"Polish Basketball League System","Zaglebie Sosnowiec (W)"
"Polish Basketball League System","Sleza Wroclaw (W)"
"Polish Basketball League System","Zaglebie Sosnowiec"
"Polish Basketball League System","Sleza Wroclaw"
"Country","West Indies Legends"
"Country","Morgan Rogers"
"Country","Robin Hranac"
"Country","Marc Cucurella"
"Country","Eberechi Eze"
"Spanish Football League System","Real Madrid C"
"Spanish Football League System","CD Guadalajara"
"Spanish Football League System","Guadalajara"
"German Hockey League System","Fischtown Pinguins"
"Lithuanian Basketball League System","BC Jurbarkas"
"Lithuanian Basketball League System","Karys"
"Icelandic Basketball League System","UMF Grindavik (W)"
"Icelandic Basketball League System","Haukar (W)"
"Icelandic Basketball League System","UMF Grindavik"
"Icelandic Basketball League System","Haukar"
"Peruvian Football League System","Sport Boys"
"Algerian Football League System","MC Oran"
"Algerian Football League System","ES Setif"
"English Football League","Crystal Palace"
"English Football League","Nottingham Forest"
"Salvadoran Basketball League System","Ahuachapan"
"Ultimate Fighting Championship System","Alivia Bierley"
"Ultimate Fighting Championship System","Summer Onley"
"Moroccan Football League System","Maghreb As De Fes"
"Moroccan Football League System","Raja Casablanca Athletic"
"Moroccan Football League System","Raja Casablanca"
"European Handball League System","FC Barcelona"
"European Handball League System","CS Dinamo Bucuresti"
"European Handball League System","Dinamo Bucuresti"
"European Handball League System","MT Melsungen"
"European Handball League System","HBC Nantes"
"WTA","Stefanini"
"WTA","No Noha Akugue"
"WTA","Lucrezia Stefanini"
"WTA","Noma Noha Akugue"
"German Women's Handball League System","HC Leipzig (W)"
"German Women's Handball League System","TuS Metzingen (W)"
"Brazilian Football League System","Associacao Atletica Ponte Preta"
"Brazilian Football League System","EC Juventude"
"Paraguayan Football League System","Club Nacional Asuncion"
"ATP","Quentin Halys"
"WTA","Yilmaz/Yoruk"
"WTA","Raina/Turkmen"
"Argentine Reserve Football League System","Independiente Rivadavia De Mendoza Reserve"
"Argentine Reserve Football League System","Ind Rivadavia (Res)"
"WTA","Kaler/Lacinova"
"WTA","McGiffin/Wagner"
"Country","Lionel Messi"
"European Basketball Club Competition System","ASVEL Lyon"
"Turkish Football League System","Bursa Yildirim Spor"
"Turkish Football League System","Yeni Amasyaspor"
"Turkish Football League System","Bursa Yıldırımspor"
"Turkish Football League System","Amasyaspor"
"Ultimate Fighting Championship System","Roque Conceicao Moreira Junior"
"Hong Kong Football League System","Kitchee U22"
"Hong Kong Football League System","Hong Kong FC U22"
"National Hockey League System","Florida Panthers"
"National Hockey League System","Los Angeles Kings"
"Turkish Football League System","Nigde Belediyesi Spor"
"Turkish Football League System","Agrispor 1970 SK"
"Brazilian Football League System","Athletico Paranaense"
"Brazilian Football League System","Atletico Mineiro"
"Brazilian Football League System","CA Paranaense PR"
"Brazilian Football League System","Atletico Mineiro MG"
"European Basketball Club Competition System","Aris Thessaloniki BC"
"European Basketball Club Competition System","CB San Pablo Burgos"
"European Basketball Club Competition System","Aris Thessaloniki"
"European Basketball Club Competition System","BC Aris Thessaloniki"
"North American Basketball League System","Utah Jazz"
"North American Basketball League System","Denver Nuggets"
"European Basketball Club Competition System","Derthona Basket"
"European Basketball Club Competition System","Le Mans Sarthe Basket"
"Thai Youth Football League System","Kanchanaburi Power U21"
"ATP","Fl Broska"
"European Basketball Club Competition System","Assignia Manresa"
"European Basketball Club Competition System","Ratiopharm Ulm"
"European Basketball Club Competition System","Basquet Manresa"
"European Basketball Club Competition System","Ulm Basketball"
"Turkish Football League System","Anadolu University"
"Turkish Football League System","Kepez Belediyespor"
"Brazilian Football League System","Cr Brasil B AL"
"Brazilian Football League System","AC GOianiense GO"
"Turkish Football League System","Karakopru Belediye Spor"
"Turkish Football League System","Karakopru Belediyespor"
"Turkish Football League System","Karakopru Belediye Sk"
"National Hockey League System","Jared McCann"
"European Handball League System","FC Barcelona HB"
"Turkish Football League System","Bursa Yildirimspor"
"Brazilian Football League System","Athletico"
"Brazilian Football League System","PR"
"Polish Basketball League System","MOSiR Bochnia"
"Polish Basketball League System","Jelenia Gora"
"Polish Basketball League System","Contimax Mosir Bochnia (W)"
"Polish Basketball League System","KS Wichos Jelenia Gora (W)"
"Japanese Football League System","RB Omiya Ardija"
"Japanese Football League System","Urawa Reds"
"Japanese Football League System","Urawa Red Diamonds"
"Japanese Football League System","Omiya Ardija"
"Brazilian Football League System","Fluminense FC RJ"
"Brazilian Football League System","Coritiba FC PR"
"Ultimate Fighting Championship System","Nell Ariano"
"Ultimate Fighting Championship System","Preston LaGrange"
"WTA","Lin Fruhvirtova"
"WTA","A Sasnovich"
"WTA","Aliaksandra Sasnovich"
"Guatemalan Football League System","Deportivo Coatepeque"
"Guatemalan Football League System","FC Santa Lucia Cotzumalguapa"
"Guatemalan Football League System","S Lucia Cotzumalguapa"
"English Football League","Arsenal"
"English Football League","Leeds United"
"English Football League","Leeds"
"Estonian-Latvian Basketball League System","Rigas Juniori"
"Estonian-Latvian Basketball League System","Rigas Ekselences Juniori"
"German Football League System","Augsburg"
"German Football League System","Bayern Munich"
"German Football League System","FC Augsburg"
"German Football League System","FC Bayern Munich"
"ATP","Tobon"
"ATP","Miguel Tobon"
"Japanese Basketball League System","Yokohama B"
"British Basketball League System","Manchester Basketball"
"British Basketball League System","Cheshire Phoenix"
"Japanese Basketball League System","Sunrockers Shibuya"
"Japanese Basketball League System","Tokyo Sun Rockers"
"German Football League System","Borussia Dortmund"
"German Football League System","SV Werder Bremen"
"Japanese Football League System","Fukuoka"
"South Korean Basketball League System","Daegu Pegasus"
"Peruvian Football League System","AD Cantolao"
"Peruvian Football League System","Santos FC de Ica"
"Peruvian Football League System","Santos FC"
"Uzbekistani Football League System","BuxDU"
"Uzbekistani Football League System","Lochin"
"Uzbekistani Football League System","FC Lochin"
"Chinese Football League System","Foshan Nanshi FC"
"Chinese Football League System","Guangxi Hengchen FC"
"Brazilian Football League System","Clube do Remo"
"Brazilian Football League System","Gremio FB Porto Alegrense"
"WTA","Mertens/Shnaider"
"WTA","Mertens E / Shnaider D"
"WTA","Mihalikova T / Nicholls O"
"WTA","Kuwata/Ye"
"WTA","Shi/Yao"
"Colombian Football League System","Itagui Leones FC"
"Brazilian Football League System","Bahia"
"Brazilian Football League System","SE Palmeiras"
"German Handball League System","Rhein"
"German Handball League System","Neckar Lowen"
"Argentine Reserve Football League System","Ferro Carril Oeste (Res)"
"Argentine Reserve Football League System","CA Independiente (Res)"
"French Basketball League System","BC la Tronche Meylan"
"French Basketball League System","Toulouse Metropole Basket"
"French Basketball League System","BC la Tronche Meylan (W)"
"French Basketball League System","SAS Toulouse Metropole (W)"
"Icelandic Basketball League System","Fjolnir Reykjavik"
"Icelandic Basketball League System","UMF Tindastoll"
"Icelandic Basketball League System","Fjolnir Reykjavik (W)"
"Icelandic Basketball League System","UMF Tindastoll (W)"
"Finnish Basketball League System","BC Nokia"
"Finnish Basketball League System","Peli"
"Finnish Basketball League System","BC Nokia (W)"
"WTA","Ibragimova/Martins"
"National Hockey League System","Tom Wilson"
"North American Basketball League System","Portland Trail Blazers"
"Swedish Hockey League System","Leksands IF"
"Swedish Hockey League System","Nybro Vikings IF"
"ATP","Jack Pinnington Jones"
"ATP","Joel Schwarzler"
"ATP","Pinnington Jones"
"North American Basketball League System","Indiana Pacers"
"WTA","Li/Zheng"
"WTA","Ayukawa/Webley"
"Uzbekistani Football League System","Jayxun"
"Chinese Football League System","Taian Tiankuang"
"Chinese Football League System","Ganzhou Ruishi FC"
"ATP","Trungelliti"
"ATP","Re Sakamoto"
"Japanese Football League System","Kawasaki"
"Japanese Football League System","Urawa"
"Japanese Football League System","Omiya"
"ATP","Y Wu"
"Japanese Football League System","Shimizu"
"Japanese Football League System","Nagasaki"
"Japanese Football League System","Okayama"
"Japanese Football League System","Jef Utd Chiba"
"UAE Football League System","Khor Fakkan"
"UAE Football League System","Al Wasl"
"UAE Football League System","Khor Fakkan Club"
"UAE Football League System","Al"
"Finnish Women's Volleyball League System","Arctic Volley"
"Finnish Women's Volleyball League System","Jymy Volley"
"Finnish Women's Volleyball League System","Arctic Volley (W)"
"Finnish Women's Volleyball League System","Nurmon Jymy (W)"
"ATP","Anup Bangargi"
"ATP","Florent Bax"
"Finnish Football League System","Gnistan"
"Finnish Football League System","FC Inter Turku"
"Finnish Football League System","Inter Turku"
"Finnish Basketball League System","Torpan Pojat (W)"
"Finnish Basketball League System","Vimpelin Veto (W)"
"Finnish Basketball League System","Torpan Pojat"
"Finnish Basketball League System","Vimpelin Veto"
"American Football League System","Corpus Christi"
"American Football League System","Fort Wayne"
"American Football League System","Corpus Christi FC"
"American Football League System","Fort Wayne FC"
"Emirati Cricket League System","Abu Dhabi"
"Emirati Cricket League System","Fujairah"
"Uruguayan Football League System","Juventud De Las Piedras"
"Guatemalan Football League System","Coatepeque"
"European Basketball Club Competition System","FC Universitatea Cluj"
"European Basketball Club Competition System","Reyer Venezia"
"European Basketball Club Competition System","Universitatea Cluj Napoca"
"European Basketball Club Competition System","CS Universitatea U"
"European Basketball Club Competition System","Banca Transilvania Cluj"
"WTA","Bhosale/Micic"
"European Basketball Club Competition System","U"
"Country","Jordan Women"
"Country","Armenia Women"
"Country","Jordan (W)"
"Country","Armenia (W)"
"Argentine Reserve Football League System","Gimnasia LP (Res)"
"Argentine Reserve Football League System","Instituto Cordoba (Res)"
"Turkish Football League System","Efeler 09 Sfk"
"Turkish Football League System","Ayvalikgucu"
"Turkish Football League System","Soke 1970 Spor Kulubu"
"Turkish Football League System","Ayvalikgucu Belediyespor"
"UAE Football League System","Al Ain"
"UAE Football League System","Al Ittihad Kalba"
"UAE Football League System","Al Ain FC"
"Thai Youth Football League System","Kanchanaburi Power FC"
"European Basketball Club Competition System","BC Roma"
"European Basketball Club Competition System","BC Lietkabelis Panevezys"
"European Basketball Club Competition System","BC Roma Spqr"
"European Basketball Club Competition System","BV Chemnitz 99"
"European Basketball Club Competition System","BC Neptunas Klaipeda"
"European Basketball Club Competition System","Niners Chemnitz"
"Swiss Basketball League System","Elfic Fribourg"
"Swiss Basketball League System","Portes Du Soleil"
"Swiss Basketball League System","Elfic Fribourg (W)"
"Swiss Basketball League System","Portes Du Soleil Bbc Troistorrents (W)"
"Thai Youth Football League System","Kasetsart"
"Thai Youth Football League System","Khonkaen United"
"Thai Youth Football League System","Kasetsart FC U21"
"Thai Youth Football League System","Khonkaen United U21"
"Turkish Football League System","Zonguldak Komurspor"
"Turkish Football League System","Duzcespor"
"Turkish Football League System","Zonguldakspor"
"ATP","Echargui"
"ATP","Moez Echargui"
"Polish Basketball League System","Widzew Lodz (W)"
"Polish Basketball League System","MKS Pruszkow (W)"
"Polish Basketball League System","Widzew Lodz"
"Polish Basketball League System","MKS Pruszkow"
"Qatari Football League System","Al"
"Qatari Football League System","Shamal"
"UAE Football League System","Shabab Al Ahli"
"UAE Football League System","Dubai United FC"
"Uzbekistani Football League System","Olimpik Mobiuz"
"Uzbekistani Football League System","Fardu"
"Uzbekistani Football League System","Fardu Ferghana"
"Global Darts Tour System","Niek Tuik"
"Turkish Football League System","Karabuk Idmanyurdu Spor"
"Turkish Football League System","Tuzlaspor"
"Turkish Football League System","Karabuk Idmanyurdu"
"Turkish Football League System","Beykoz Anadolu Spor"
"Turkish Football League System","Orduspor 1967 Futbol Is"
"Turkish Football League System","Karadeniz Eregli Beledi"
"Turkish Football League System","Orduspor 1967"
"Turkish Football League System","Karadeniz Eregli"
"Turkish Football League System","Kucukcekmece Sinop Spor"
"Turkish Football League System","Beykoz Ishakli SF"
"Turkish Football League System","Kucukcekmece SS"
"Turkish Football League System","Beykoz Ishaklispor"
"Turkish Football League System","Karadeniz Eregli Belediye SK"
"Greek Basketball League System","Maroussi BC"
"Greek Basketball League System","AO Mykonos BC"
"Greek Basketball League System","Maroussi Athens"
"Greek Basketball League System","AO Mykonos"
"Argentine Reserve Football League System","Aldosivi"
"Argentine Reserve Football League System","CA Aldosivi Reserve"
"Argentine Reserve Football League System","CA Aldosivi (Res)"
"Chinese Football League System","Jiangxi Lushan"
"Chinese Football League System","Dalian Kewei"
"German Football League System","Mainz"
"German Football League System","Mainz 05"
"Chinese Football League System","Foshan Nanshi"
"ATP","Ugo Humbert"
"ATP","Miomir Kecmanovic"
"ATP","Jakub Mensik"
"European Handball League System","KS Kielce"
"European Handball League System","SC Magdeburg"
"European Handball League System","KS Pge Kielce"
"European Handball League System","Industria Kielce"
"South African Cricket League System","Titans"
"ATP","Frances Tiafoe"
"European Football Club Competition System","Aston Villa"
"European Football Club Competition System","Fenerbahce"
"Peruvian Football League System","Sport Huancayo II"
"Peruvian Football League System","Club Ada Jaen"
"Peruvian Football League System","Sport Huancayo Res"
"Hong Kong Football League System","Kowloon City U22"
"Hong Kong Football League System","Tai Po U22"
"Hong Kong Football League System","Kowloon City"
"Hong Kong Football League System","Tai Po"
"Egyptian Football League System","Luxor"
"Egyptian Football League System","Tahta"
"Egyptian Football League System","Tahta Sporting Club"
"European Handball League System","HC Kriens"
"European Handball League System","Luzern"
"Egyptian Football League System","Badr SC"
"Egyptian Football League System","Raa SC"
"Egyptian Football League System","Alo Egypt Club"
"Egyptian Football League System","Alo Egypt"
"Bangladeshi Football League System","South United FC"
"Bangladeshi Football League System","South United"
"Finnish Football League System","FC Inter 2"
"Brazilian Football League System","Mirassol"
"NCAA American Football System","Brayden Munroe"
"Belgian Football League System","Union Saint"
"Belgian Football League System","Gilloise"
"Belgian Football League System","Union St Gilloise"
"Belgian Football League System","Oud"
"European Handball League System","IFK Kristianstad"
"European Handball League System","GOG Handbold"
"European Handball League System","GOG Haandbold"
"Scottish Football League System","Kilmarnock"
"NCAA American Football System","Deondre Johnson"
"Chilean Football League System","CD Antofagasta"
"Egyptian Football League System","Baladiyyat Al Mehalla"
"Egyptian Football League System","El Mansurah"
"Spanish Football League System","FC Cartagena"
"Spanish Football League System","Real Murcia"
"Colombian Football League System","Tigres"
"Colombian Football League System","Tigres FC"
"NCAA American Football System","Duke"
"Uzbekistani Football League System","Neftchi Fargona"
"Uzbekistani Football League System","Neftchi Fergona"
"ATP","Laslo Djere"
"ATP","Djere"
"NCAA American Football System","East Carolina"
"European Football Club Competition System","Rennes"
"European Football Club Competition System","OFI Crete"
"European Football Club Competition System","OFI"
"ATP","Murkel Dellien"
"Polish Football League System","Rekord Bielsko Biala"
"Polish Football League System","Sandecja Nowy Sacz"
"Argentine Reserve Football League System","Godoy Cruz Reserves"
"WTA","Elise Mertens"
"ATP","Mariano Navone"
"ATP","Pablo Carreno Busta"
"Ecuadorian Football League System","CD El Nacional"
"Spanish Basketball League System","Cab Estepona (W)"
"Spanish Basketball League System","Ensino Lugo (W)"
"Spanish Basketball League System","CAB Estepona"
"Spanish Basketball League System","Porta XI Ensino"
"ATP","Marcos Giron"
"European Basketball Club Competition System","Balkan Botevgrad"
"European Basketball Club Competition System","Bahcesehir Koleji"
"Mexican Football League System","Correcaminos UAT"
"German Football League System","Hamburger SV"
"German Football League System","Stuttgart"
"ATP","A Zverev"
"ATP","Massimo Giunta"
"Bangladeshi Football League System","Roots FC"
"Finnish Football League System","KuPS"
"Finnish Football League System","AC Oulu"
"Brazilian Football League System","Botafogo RJ"
"Brazilian Football League System","Botafogo FR"
"Sri Lankan Cricket League System","Colombo Aces"
"Peruvian Football League System","Estudiantil CNI"
"Peruvian Football League System","Universidad Cesar Vallejo"
"Peruvian Football League System","CD Estudiantil CNI"
"South Korean Basketball League System","Wonju Dongbu Promy"
"Colombian Football League System","Real Cartagena"
"Finnish Football League System","IF Gnistan"
"Argentine Reserve Football League System","Sarmiento de Junin"
"Argentine Reserve Football League System","CA Sarmiento De Junin Reserve"
"Peruvian Football League System","CD Universidad Cesar Vallejo"
"Finnish Football League System","Helsingin Jalkapalloklubi"
"Finnish Football League System","Vaasan Palloseura"
"Finnish Football League System","HJK Helsinki"
"Finnish Football League System","VPS"
"Hungarian Basketball League System","Vbw Cekk Cegled (W)"
"Hungarian Basketball League System","Peac"
"Hungarian Basketball League System","VBW Cekk Cegled"
"European Basketball Club Competition System","Bahcesehir Koleji Spor Kulubu"
"European Basketball League System","Cso Voluntari"
"Norwegian Women's Handball League System","Tertnes HE Bergen"
"Norwegian Women's Handball League System","Tertnes Haandball Elite (W)"
"Guatemalan Football League System","CSD Chiquimulilla"
"Guatemalan Football League System","Champs Academy Guatemala"
"Guatemalan Football League System","Chiquimulilla"
"Guatemalan Football League System","Chiquimulilla FC"
"Turkish Football League System","Eskisehirspor"
"Turkish Football League System","Aksehirspor"
"Turkish Football League System","1922 Aksehir Spor Kulubu"
"Finnish Football League System","Kuopion Palloseura"
"Japanese Basketball League System","Chiba Jets"
"Japanese Basketball League System","Chiba Jets Funabashi"
"Swedish Hockey League System","BIK Karlskoga"
"Swedish Hockey League System","Mora IK"
"Swedish Hockey League System","Vimmerby HC"
"Swedish Hockey League System","Kalmar HC"
"Swedish Hockey League System","Almtuna IS"
"Swedish Hockey League System","Visby"
"Argentine Basketball League System","Atenas Cordoba"
"Brazilian Football League System","America FC MG"
"Brazilian Football League System","Fortaleza EC CE"
"ATP","Vilius Gaubas"
"ATP","Duje Ajdukovic"
"Bolivian Football League System","Club Independiente Petr"
"ATP","Y Milev"
"German Football League System","FC Heidenheim"
"German Football League System","Kaiserslautern"
"German Football League System","1. FC Kaiserslautern"
"ATP","Da Merida"
"ATP","Daniel Merida Aguilar"
"Argentine Reserve Football League System","Independiente Rivadavia"
"ATP","Philip Henning"
"ATP","Borna Gojo"
"Guatemalan Football League System","CSD Sacachispas"
"Guatemalan Football League System","Fraijanes FC"
"Guatemalan Football League System","Sacachispas"
"French Basketball League System","Laval"
"French Basketball League System","US Laval"
"Saudi Arabian Football League System","Al"
"Saudi Arabian Football League System","Akhdoud"
"ATP","Ol Krutykh"
"ATP","Oleksii Krutykh"
"Egyptian Football League System","El Dakhlya"
"Italian Football League System","AC Monza"
"French Basketball League System","Basket Landes (W)"
"French Basketball League System","Flammes Carolo Basket"
"French Basketball League System","Basket Landes"
"Brazilian Football League System","Santos FC"
"Brazilian Football League System","CR Flamengo RJ"
"Icelandic Basketball League System","Fjolnir Women"
"Icelandic Basketball League System","Tindastoll Women"
"Swedish Hockey League System","Surahammar IF"
"Swedish Hockey League System","Jarfalla HC"
"Swedish Hockey League System","Surahammars IF"
"European Handball League System","KS Vive Targi Kielce"
"Bolivian Football League System","Club Independiente Petrolero"
"Swedish Hockey League System","Vaxjo Lakers"
"Swedish Hockey League System","Linkopings HC"
"Swedish Hockey League System","Linkoping HC"
"Swedish Hockey League System","Kungalvs"
"Swedish Hockey League System","Halmstad HF"
"Swedish Hockey League System","Kungalvs IK"
"Swedish Hockey League System","Halmstad Hammers HC"
"ATP","Ko Suzuki"
"ATP","Mert Alkaya"
"French Football League System","Paris St"
"French Football League System","G"
"UAE Youth Football League System","Bani Yas U21"
"UAE Youth Football League System","Al Wasl U21"
"UAE Youth Football League System","Bani Yas FC U21"
"UAE Youth Football League System","Al"
"Icelandic Basketball League System","Njarðvik Women"
"Icelandic Basketball League System","Keflavik Women"
"NCAA American Football System","Iowa (20)"
"Irish Football League System","Shamrock Rovers"
"Irish Football League System","Drogheda United"
"Swedish Football League System","Hassleholms IF"
"Welsh Football League System","Briton Ferry Llansawel"
"Welsh Football League System","Connahs Quay Nomads"
"Welsh Football League System","Connahs Quay Nomads FC"
"Algerian Football League System","MC Alger"
"Algerian Football League System","CR Temouchent"
"Algerian Football League System","Zr Temouchent"
"South Korean Football League System","Daejeon Citizen"
"Spanish Football League System","Deportivo Alaves"
"Italian Basketball League System","Maxima Roma"
"Italian Basketball League System","BC Roma Spqr"
"Italian Basketball League System","BC Roma"
"USA American Football League System","TreVeyon Henderson"
"German Football League System","1. FC Union Berlin"
"German Football League System","Union Berlin"
"Spanish Football League System","Osasuna"
"Swedish Football League System","Brage"
"Swedish Football League System","IK Brage"
"ATP","Musetti"
"ATP","Lorenzo Musetti"
"ATP","Matteo Arnaldi"
"ATP","Navone"
"ATP","Carreno Busta"
"European Basketball Club Competition System","Leandro Bolmaro"
"European Basketball Club Competition System","Moses Wright"
"ATP","Be Shelton"
"ATP","Ben Shelton"
"ATP","Arnaldi"
"Moroccan Football League System","FUS Rabat"
"Indonesian Football League System","Persik Kediri"
"Indonesian Football League System","Madura United"
"Indonesian Football League System","Madura Utd"
"Turkish Football League System","Galatasaray"
"Turkish Football League System","Kasimpasa"
"German Football League System","1. FSV Mainz 05"
"German Football League System","Bayer 04 Leverkusen"
"German Football League System","FSV Mainz"
"Norwegian Hockey League System","Stavanger Oilers"
"Norwegian Hockey League System","Narvik Ishockeyklubb"
"Georgian Basketball League System","CIU Kavkasia BC"
"Georgian Basketball League System","BC Kutaisi"
"Georgian Basketball League System","Kavkasia BC"
"NCAA American Football System","Washington Huskies"
"Norwegian Hockey League System","Narvik Hockey Arctic Eagles"
"ATP","M Moeller"
"Brazilian Football League System","Mirassol FC"
"Brazilian Football League System","Red Bull Bragantino SP"
"Brazilian Football League System","Mirassol FC SP"
"Brazilian Football League System","SC Corinthians Paulista"
"European Basketball League System","HKK Zrinjski Mostar"
"Global Darts Tour System","Danny Ayres"
"Global Darts Tour System","Daniel Ayres"
"North American Basketball League System","Cecilia Zandalasini"
"ATP","Marvin Moeller"
"Brazilian Football League System","Esporte Clube Vitoria"
"Peruvian Football League System","Atletico Grau"
"Global Darts Tour System","Oliver Mitchell"
"Spanish Football League System","FC Barcelona"
"NCAA American Football System","Missouri St"
"Brazilian Football League System","Goias EC"
"South Korean Football League System","Yangpyeong FC"
"South Korean Football League System","Ulsan Citizen FC"
"Salvadoran Basketball League System","Aguila San Miguel BC"
"Salvadoran Basketball League System","Aguila San Miguel"
"ATP","Kaan Isik Kosaner"
"ATP","Kasra Rahmani"
"National Hockey League System","Washington Capitals"
"Algerian Football League System","MB Rouissat"
"Brazilian Football League System","Gremio FBPA"
"ATP","Aziz Ouakaa"
"ATP","Yassine Smiej"
"Major League Baseball System","Walker Buehler"
"Country","Bahrain T20"
"Country","Myanmar T20"
"Brazilian Football League System","Cruzeiro"
"Brazilian Football League System","Cruzeiro Esporte Clube"
"Brazilian Football League System","Sport Club do Recife"
"National Hockey League System","Vancouver Canucks"
"USA American Football League System","Rashid Shaheed"
"National Hockey League System","St. Louis Blues"
"UAE Youth Football League System","Shabab Al Ahli"
"UAE Youth Football League System","Sharjah"
"UAE Youth Football League System","Shabab Al Ahli Club U21"
"UAE Youth Football League System","Al Sharjah U21"
"UAE Youth Football League System","Al Dhaid"
"UAE Youth Football League System","AL Dhaid U21"
"UAE Youth Football League System","Shabab Al Ahli Dubai FC U21"
"Peruvian Football League System","CD Bentin Tacna Heroica"
"Japanese Basketball League System","Toyota Alvark"
"ATP","Meligeni Alves"
"ATP","Felipe Meligeni Alves"
"Argentine Football League System","Union Santa Fe"
"Argentine Football League System","Defensa y Justicia"
"Argentine Football League System","CA Union de Santa Fe"
"Argentine Football League System","CSD Defensa y Justicia"
"Argentine Football League System","Union De Santa Fe"
"Italian Football League System","Avellino"
"Italian Football League System","Sampdoria"
"Italian Football League System","Calcio Avellino SSD"
"Swedish Football League System","IFK Goteborg"
"Swedish Football League System","Vasteras SK"
"Swedish Football League System","Goteborg"
"Japanese Football League System","Yokohama F.Marinos"
"Japanese Football League System","Yokohama Marinos"
"French Football League System","Lens"
"French Football League System","Lyon"
"French Football League System","Racing Club De Lens"
"French Football League System","Olympique Lyonnais"
"South Korean Football League System","Bucheon FC"
"South Korean Football League System","Bucheon FC 1995"
"Saudi Arabian Football League System","Al Akhdood"
"Saudi Arabian Football League System","AL Ula"
"Country","South Africa Legends"
"North American Basketball League System","Washington Wizards"
"Saudi Arabian Football League System","Al Kholood"
"Saudi Arabian Football League System","Al Qadsiah"
"Saudi Arabian Football League System","Kholood"
"South Korean Football League System","Suwon FC"
"South Korean Football League System","Hwaseong FC"
"South Korean Football League System","Hwaseong"
"Japanese Football League System","Yokohama F. Marinos"
"Jordanian Football League System","Shabab Al Ordon"
"Jordanian Football League System","Al"
"European Football Club Competition System","Atletico Madrid"
"European Football Club Competition System","Man Utd"
"Mexican Football League System","CF Correcaminos Uat"
"Algerian Football League System","NC Magra"
"Algerian Football League System","CA Batna"
"North American Basketball League System","San Antonio Spurs"
"National Hockey League System","Utah Mammoth"
"Brazilian Football League System","Atletico Paranaense"
"Argentine Basketball League System","Independiente de Oliva"
"Argentine Basketball League System","Ferro"
"Swedish Football League System","Osters IF"
"Swedish Football League System","Osters"
"North American Basketball League System","Cleveland Cavaliers"
"North American Basketball League System","Boston Celtics"
"Country","Tunisia Women"
"Country","Senegal Women"
"National Hockey League System","Shayne Gostisbehere"
"ATP","Anas Mazdrashki"
"ATP","Kris Van Wyk"
"ATP","Martin Landaluce"
"ATP","Jan"
"ATP","Ma Landaluce"
"ATP","Struff"
"ATP","Kecmanovic"
"ATP","Mensik"
"Finnish Hockey League System","Mikkelin Jukurit"
"Bhutanese Football League System","Thimphu City"
"Bhutanese Football League System","Paro"
"Bhutanese Football League System","Paro FC"
"Italian Football League System","Catanzaro"
"Italian Football League System","Mantova"
"Egyptian Football League System","Tut Ankh Amun FC"
"Thai Youth Football League System","Buriram United"
"Thai Youth Football League System","Pattaya United"
"Thai Youth Football League System","Buriram United U21"
"Thai Youth Football League System","Pattaya United U21"
"Estonian Football League System","Narva Trans"
"Estonian Football League System","Harju JK Laagri"
"Cypriot Football League System","Ypsonas"
"Cypriot Football League System","Apollon Limassol"
"Danish Football League System","BK Fremad Amager"
"Danish Football League System","Fremad Amager"
"Italian Football League System","Padova"
"Italian Football League System","Carrarese"
"Spanish Football League System","SD Eibar B"
"Spanish Football League System","CD Basconia"
"Spanish Football League System","Basconia"
"Serbian Football League System","Zemun"
"Swedish Football League System","Eskilstuna"
"Venezuelan Football League System","Anzoategui"
"Venezuelan Football League System","Carabobo"
"National League System","Kings Lynn Town"
"National League System","King's Lynn Town FC"
"National League System","Hebburn Town"
"National League System","Weston"
"National League System","super"
"National League System","Salisbury"
"Swedish Football League System","Laholms"
"National League System","Hampton & Richmond Borough FC"
"Serbian Football League System","Radnicki Kragujevac"
"Serbian Football League System","Crvena Zvezda"
"National League System","Dover Athletic"
"Israeli Football League System","Hapoel Azor"
"National League System","Hednesford Town FC"
"Uruguayan Football League System","Club Oriental De Football"
"Italian Football League System","SSD Potenza Calcio"
"Swedish Football League System","Hassleholms"
"Country","Andorra (W)"
"Country","Faroe Islands (W)"
"Venezuelan Football League System","Rayo Zuliano"
"European Basketball Club Competition System","Dwayne Bacon"
"ATP","Barrientos/Vocel"
"ATP","Martos Gornes/Walkow"
"Swedish Football League System","Pitea IF"
"Swedish Football League System","Jarfalla"
"Swedish Football League System","Umea"
"Estonian Football League System","Tallinna FCI Levadia"
"Estonian Football League System","Paide Linnameeskond"
"Estonian Football League System","Levadia Tallinn"
"Spanish Basketball League System","AE Sedis"
"Spanish Basketball League System","CB Leganes"
"Spanish Basketball League System","AE Sedis Basquet (W)"
"Spanish Basketball League System","Baloncesto Leganes (W)"
"European Handball League System","Skanderborg Arhus Handbold"
"European Handball League System","Montpellier Agglomeration HB"
"European Handball League System","Skanderborg Handbold"
"European Handball League System","Montpellier Handball"
"European Handball League System","Skanderborg"
"European Handball League System","Aarhus Haandbold"
"Spanish Basketball League System","RPK Araski"
"Spanish Basketball League System","CB Estudiantes Madrid"
"Italian Football League System","Ravenna FC"
"Salvadoran Basketball League System","Brujos De Izalco"
"Salvadoran Basketball League System","Brujos de Izalco BC"
"Japanese Basketball League System","Nagasaki"
"Japanese Basketball League System","Nagano Shinshu Brave Warriors"
"Italian Football League System","Casertana FC"
"Italian Football League System","Casertana"
"Spanish Basketball League System","Araski Aes (W)"
"Spanish Basketball League System","CB Estudiantes (W)"
"South Korean Football League System","Pohang Steelers"
"National Hockey League System","Jake Neighbours"
"ATP","L Midon"
"Italian Football League System","AS Gubbio 1910"
"ATP","Nakashima"
"ATP","Brandon Nakashima"
"Alps Hockey League System","HC Gherdeina"
"National League System","Totton"
"South Korean Basketball League System","Wonju DB New Generation"
"ATP","Arthur Fils"
"ATP","Luciano Darderi"
"BNXT League System","Heroes Den Bosch"
"BNXT League System","Feyenoord Rotterdam"
"BNXT League System","Den Bosch Basketball"
"BNXT League System","Rotterdam City Basketball"
"German Handball League System","TSV Hannover"
"German Handball League System","Burgdorf"
"German Handball League System","SG Flensburg Handewitt"
"Bangladeshi Football League System","Kickstart FC"
"Bangladeshi Football League System","United Stars"
"Spanish Football League System","Tudelano"
"Spanish Football League System","Reus Reddis"
"Malaysian Youth Football League System","Kedah FA U20"
"Malaysian Youth Football League System","Selangor FA U20"
"Malaysian Youth Football League System","Kedah FA"
"Malaysian Youth Football League System","Selangor FA"
"Azerbaijani Football League System","Sabail FK"
"Azerbaijani Football League System","FK Karvan Yevlakh"
"Azerbaijani Football League System","Sabail"
"Azerbaijani Football League System","Karvan Evlakh"
"Spanish Handball League System","Rebi Balonmano Cuenca"
"Spanish Handball League System","BM Ciudad Encantada"
"Spanish Handball League System","BM Ciudad Encantada Cuenca"
"Uzbekistani Football League System","FC Aral Nukus"
"Uzbekistani Football League System","TerDU"
"Peruvian Football League System","Club Deportivo Garcilaso"
"WTA","Zhuoxuan Bai"
"WTA","Zhu Bai"
"WTA","Okamura"
"Global Darts Tour System","Danny Lauby"
"Global Darts Tour System","Lee Cocks"
"Argentine Basketball League System","Ferro Carril Oeste"
"Dutch Football League System","Roda JC"
"Dutch Football League System","Jong PSV Eindhoven"
"Dutch Football League System","Jong PSV"
"English Football League","West Ham"
"English Football League","QPR"
"English Football League","West Ham United FC"
"English Football League","Queens Park Rangers"
"New Zealand Rugby League System","Northland"
"New Zealand Rugby League System","Tasman"
"Global Esports League System","1w Team"
"Alps Hockey League System","SG Cortina"
"Guatemalan Football League System","Deportivo San Pedro"
"Guatemalan Football League System","Comunicaciones"
"Uzbekistani Football League System","Respublika FA"
"Uzbekistani Football League System","Yaypan FK"
"Polish Basketball League System","Zielona Gora"
"Polish Basketball League System","Legia Warszawa"
"European Handball League System","RK Zagreb"
"European Handball League System","Aalborg Haandbold"
"Cypriot Football League System","Omonia Nicosia"
"French Football League System","Dunkerque"
"French Football League System","Annecy FC"
"French Football League System","Annecy"
"UAE Football League System","Ajman Club"
"UAE Football League System","FC Baniyas"
"UAE Football League System","Baniyas"
"Azerbaijani Football League System","Karvan"
"National League System","Sutton Utd"
"South Korean Football League System","Daejeon Citizen FC"
"Egyptian Football League System","Tersana SC"
"Egyptian Football League System","Tersana"
"Egyptian Football League System","Kahrabaa Ismailia SC"
"Spanish Handball League System","GlobalCaja Ciudad Encantada"
"Spanish Handball League System","Naturhouse La Rioja"
"ATP","Polmans/Zielinski"
"ATP","Jiang/Zhang"
"European Basketball Club Competition System","Nate Reuvers"
"Danish Football League System","Skive"
"Danish Football League System","Skive IK"
"Danish Football League System","Frederiksberg Alliancen 2000"
"Danish Football League System","FA 2000"
"Danish Football League System","Middelfart"
"Danish Football League System","Middelfart BK"
"National Hockey League System","Cale Makar"
"Chilean Football League System","Cobresal"
"Chilean Football League System","Deportes Recoleta"
"Chilean Football League System","Deportes Magallanes"
"Bangladeshi Football League System","United Stars FC"
"Egyptian Football League System","Haras El Hedoud"
"NCAA American Football System","Indiana (7)"
"European Handball League System","HC Prvo plinarsko drustvo Zagreb"
"European Handball League System","Aalborg Handbold"
"European Handball League System","RK Ppd Zagreb"
"Romanian Football League System","Politehnica Timisoara"
"Romanian Football League System","Steaua Bucharest"
"Romanian Football League System","CSA Steaua Bucuresti"
"ATP","Darderi"
"Argentine Basketball League System","CA San Lorenzo de Almagro"
"Argentine Basketball League System","Gimnasia de Comodoro"
"Argentine Basketball League System","Club Gimnasia & Esgrima Comodoro Rivadavia"
"Moroccan Football League System","Union de Touarga"
"Country","Norway Women U23"
"Country","Portugal Women U23"
"Argentine Basketball League System","San Lorenzo de Almagro"
"Argentine Basketball League System","Gimnasia Esgrima Comodoro Rivadavia"
"Brazilian Football League System","Esporte Clube Bahia"
"Brazilian Football League System","EC Bahia Ba"
"UAE Football League System","Kalba FC"
"English Youth Football League System","Wolverhampton Wanderers FC Reserve"
"English Youth Football League System","Wolves U21"
"English Youth Football League System","Ipswich Town Reserve"
"English Youth Football League System","West Bromwich Albion Reserves"
"English Youth Football League System","Newcastle United FC Reserves"
"English Youth Football League System","Luton Town Reserves"
"Ukrainian Football League System","Obolon"
"Ukrainian Football League System","Kryvbas Kriviy Rih"
"Ukrainian Football League System","FK Obolon Kyiv"
"Ukrainian Football League System","FK Kryvbas Kryvyi Rih"
"ATP","Bublik"
"ATP","Machac"
"Swedish Hockey League System","AIK IF"
"Swedish Hockey League System","AIK IF Stockholm"
"Bangladeshi Football League System","Bashundhara Kings"
"Bangladeshi Football League System","Dhaka Wanderers Club"
"German Handball League System","Vfl Eintracht Hagen"
"Swedish Hockey League System","Djurgardens IF"
"Swedish Hockey League System","Orebro HK"
"Swedish Hockey League System","HC Orebro"
"Icelandic Basketball League System","Breidablik"
"Icelandic Basketball League System","Fjolnir"
"Italian Football League System","Inter"
"Italian Football League System","Parma"
"Italian Football League System","Inter Milan"
"Finnish Football League System","FC Haka"
"Finnish Football League System","PK"
"Finnish Football League System","Haka"
"South Korean Football League System","FC Seoul"
"Italian Football League System","Como"
"Italian Football League System","AS Roma"
"Indian Football League System","Mohun Bagan Super Giants"
"Indian Football League System","Quess East Bengal"
"Asian Football Club Competition System","Tractor"
"Asian Football Club Competition System","Al"
"Scottish Football League System","Rangers FC"
"Scottish Football League System","Kilmarnock FC"
"Chinese Football League System","Shenzhen Peng City"
"Chinese Football League System","Henan"
"Algerian Football League System","RC Kouba"
"Algerian Football League System","USM El Harrach"
"Chinese Football League System","Shenzhen Peng City FC"
"Chinese Football League System","Henan FC"
"Norwegian Football League System","Rosenborg BK"
"Norwegian Football League System","Sandefjord Fotball"
"Norwegian Football League System","Rosenborg"
"Moroccan Football League System","MAS de Fes"
"Moroccan Football League System","Raja Club Athletic"
"Indian Football League System","Mohun Bagan"
"Indian Football League System","East Bengal"
"Asian Football Club Competition System","Traktor Sazi FC"
"Czech Football League System","Vysocina Jihlava"
"Czech Football League System","Prostejov"
"German Football League System","FC Bayern Munchen"
"Italian Football League System","Venezia"
"Italian Football League System","Sassuolo"
"German Handball League System","Die Eulen Ludwigshafen"
"German Handball League System","TSV GWD Minden"
"Indian Football League System","Mohun Began"
"Indian Football League System","Kingfisher East Bengal"
"ATP","Jans/Vliegen"
"ATP","Jebens/Vrbensky"
"UAE Football League System","Al Ahli (UAE)"
"UAE Football League System","United FC"
"Irish Football League System","Drogheda"
"Irish Football League System","Shamrock Rovers FC"
"Irish Football League System","Drogheda United FC"
"Uzbekistani Football League System","Gazalkent"
"Swedish Hockey League System","Farjestad BK"
"Danish Football League System","OB"
"Danish Football League System","Odense BK"
"Brazilian Football League System","Clube Nautico Capibaribe"
"Greek Basketball League System","Marousi BC"
"Greek Basketball League System","AO Mykonoy"
"Romanian Football League System","CFR Cluj"
"Romanian Football League System","Universitatea Cluj"
"Turkish Football League System","Denizli Idman Yurdu"
"Turkish Football League System","Serik Belediyespor"
"Turkish Football League System","Denizli Idmanyurdu Gureller SK"
"ATP","Pablo Llamas Ruiz"
"ATP","Petr Nesterov"
"ATP","Llamas Ruiz"
"ATP","Pyo Nesterov"
"European Rugby League System","Connacht"
"European Rugby League System","Connacht Rugby"
"European Handball League System","HC Vardar"
"European Handball League System","SPR Wisla Plock"
"European Handball League System","HC Vardar 1961"
"European Handball League System","Wisla Plock"
"Romanian Football League System","FC CFR 1907 Cluj"
"Romanian Football League System","FC Universitatea Cluj"
"South Korean Basketball League System","Goyang Skygunners"
"Japanese Basketball League System","Yamagata Wyverns"
"UAE Football League System","Ittifaq"
"Lithuanian Basketball League System","Atletas"
"Lithuanian Basketball League System","Vilkaviskis"
"Lithuanian Basketball League System","Atletas Kaunas"
"Lithuanian Basketball League System","KK Vilkaviskio Perlas"
"Hungarian Basketball League System","Ujbuda"
"Hungarian Basketball League System","Ujbuda (W)"
"ATP","Cerundolo"
"Finnish Basketball League System","Tapiolan Honka (W)"
"ATP","Dellien/Roncadelli"
"ATP","Magadan/Merino"
"Japanese Football League System","Kyoto Sanga FC"
"Qatari Football League System","Al Shamal SC"
"Italian Football League System","Entella"
"Italian Football League System","Juve Stabia"
"Italian Football League System","Virtus Entella"
"Italian Football League System","SS Juve Stabia"
"Country","CS Unirea Dej"
"Country","CS Stiinta Explorari Baia Mare"
"Japanese Basketball League System","Sun Rockers Shibuya"
"Global Esports League System","Team Falcons"
"Global Esports League System","Falcons"
"European Basketball Club Competition System","Maccabi Tel"
"European Basketball Club Competition System","Aviv"
"National League System","Macclesfield FC"
"Spanish Handball League System","Fertiberia Puerto Sagunto"
"Spanish Handball League System","CBM Sporting Alicante"
"Spanish Handball League System","C BM Sporting Alicante"
"Argentine Football League System","CA Central Cordoba SE"
"NCAA American Football System","San Jose State Spartans"
"NCAA American Football System","San Jose State"
"Uzbekistani Football League System","Nasaf Qarshi"
"Uzbekistani Football League System","Dinamo Samarqand"
"Uzbekistani Football League System","FC Nasaf"
"Uzbekistani Football League System","PFK Dinamo Samarqand"
"German Football League System","Braunschweig"
"German Football League System","Holstein Kiel"
"South Korean Basketball League System","Anyang Jungkwanjang Red Boosters"
"UAE Football League System","Al Nasr (UAE)"
"UAE Football League System","Nasr Dubai"
"UAE Football League System","Al Nasr SC"
"UAE Football League System","Hatta Club"
"UAE Football League System","Nasr Dubai SC"
"Ultimate Fighting Championship System","Gerald Meerschaert"
"Ultimate Fighting Championship System","Julius Walker"
"South Korean Basketball League System","Anyang Jungkwanjang Red Booste"
"ATP","Alex Michelsen"
"ATP","Al Michelsen"
"ATP","Bianchi/Pearson"
"Global Esports League System","1W"
"Thai Football League System","BG Pathum United FC"
"Thai Football League System","Ayutthaya United"
"Thai Football League System","BG Pathum United"
"Thai Football League System","Ayutthaya United FC"
"Thai Football League System","BG Pathumthani United"
"Dutch Football League System","Fortuna Sittard"
"Dutch Football League System","Twente"
"Dutch Football League System","FC Twente Enschede"
"National Hockey League System","Tampa Bay Lightning"
"National Hockey League System","Minnesota Wild"
"Ultimate Fighting Championship System","Brendson Ribeiro"
"Ultimate Fighting Championship System","Felipe Franco"
"Spanish Football League System","RCD Espanyol Barcelona"
"Kazakhstani Football League System","FK Kaspyi Aktau"
"Kazakhstani Football League System","FK Altay"
"Kazakhstani Football League System","FK Kaspiy Aktau"
"Czech Hockey League System","Ceske Budejovice"
"Swedish Football League System","IK Sirius"
"Swedish Football League System","IK Sirius FK"
"North American Basketball League System","Miami Heat"
"Romanian Football League System","Voluntari"
"Romanian Football League System","SC Corvinul 1921 Hunedoara"
"Romanian Football League System","FC Voluntari"
"Italian Football League System","Internazionale"
"Argentine Football League System","CA Huracan"
"Italian Football League System","Bologna"
"Norwegian Hockey League System","Valeranga"
"Norwegian Hockey League System","Nidaros Hockey"
"National League System","Chorley"
"National League System","Telford United"
"National League System","Chorley FC"
"National League System","AFC Telford United"
"English Football League","Arsenal FC"
"Brazilian Football League System","AA Internacional Limeira SP"
"German Football League System","Freiburg"
"Country","Ok Vojvodina Novi Sad"
"Country","Krka Novo Mesto"
"Montenegrin Football League System","Mornar Bar"
"Montenegrin Football League System","Jezero Plav"
"Montenegrin Football League System","FK Mornar Bar"
"Montenegrin Football League System","FK Jezero Plav"
"Global Darts Tour System","Harrison Leigh"
"English Football League","Aston Villa"
"English Football League","Brentford"
"English Football League","Aston Villa FC"
"European Handball League System","Orlen Wisla Plock"
"European Basketball Club Competition System","Olimpia Milano"
"Czech Football League System","Hradec Kralove"
"Czech Football League System","Artis Brno"
"European Handball League System","Fuchse Berlin"
"European Handball League System","FC Porto"
"European Handball League System","FC Porto Sofarma"
"Czech Football League System","SK Artis Brno"
"Azerbaijani Football League System","Moik Baku"
"Azerbaijani Football League System","Energetik Mingechevir"
"NCAA American Football System","Arkansas State Red Wolves"
"Norwegian Football League System","Kristiansund BK"
"French Football League System","RC Lens"
"Maltese Football League System","Mosta FC"
"Maltese Football League System","Birzebbuga St. Peters F.C."
"NCAA American Football System","Texas (1)"
"Qatari Football League System","Wakra"
"French Football League System","Le Mans"
"French Football League System","Paris Saint"
"French Football League System","Germain"
"Spanish Football League System","Calamocha"
"Spanish Football League System","CD Ebro"
"Spanish Football League System","CF Calamocha"
"Israeli Football League System","Ironi Ashkelon"
"Israeli Football League System","Ihud Tzeirey Abu Gosh"
"Israeli Football League System","FC Hapoel Ashkelon"
"Spanish Football League System","Utebo"
"Spanish Football League System","Arnedo"
"Spanish Football League System","Utebo FC"
"Spanish Football League System","CD Arnedo"
"Alps Hockey League System","Vipiteno Broncos"
"Alps Hockey League System","SSI Vipiteno Weihenstephan"
"Alps Hockey League System","HK Acroni Jesenice"
"ATP","Alexander Bublik"
"ATP","Tomas Machac"
"Danish Basketball League System","BK Vejen"
"European Basketball Club Competition System","Hapoel Tel"
"European Basketball Club Competition System","Valencia BC"
"Asian Football Club Competition System","Gharafa SC"
"Asian Football Club Competition System","Al Gharafa"
"Asian Football Club Competition System","Esteghlal"
"NCAA American Football System","Trent Walker"
"Qatari Football League System","Al Wakrah SC"
"Qatari Football League System","Al Gharafa SC"
"Country","Samoa W"
"Country","Indonesia W"
"Dutch Football League System","Feyenoord"
"Dutch Football League System","Feyenoord Rotterdam"
"Hong Kong Football League System","North District"
"Hong Kong Football League System","Eastern AA"
"Chinese Football League System","Qingdao Jonoon"
"Chinese Football League System","Beijing Guoan"
"Hong Kong Football League System","Golik North District"
"Peruvian Football League System","Cienciano del Cuzco"
"Danish Football League System","Odense Boldklub"
"Chinese Football League System","Qingdao Hainiu"
"Egyptian Football League System","Pharco FC"
"Swedish Basketball League System","Wetterbygden Stars"
"Swedish Basketball League System","Malbas"
"German Football League System","Preussen Munster"
"German Football League System","Rot"
"National League System","Sutton United"
"Slovenian Football League System","NK Olimpija Ljubljana"
"Slovenian Football League System","NS Mura"
"Slovenian Football League System","Olimpija Ljubljana"
"Slovenian Football League System","Mura"
"Slovenian Football League System","Olimpija"
"English Football League","Swansea"
"Portuguese Football League System","Gil Vicente FC"
"Portuguese Football League System","Gil Vicente"
"Ultimate Fighting Championship System","Francisco Prado"
"Ultimate Fighting Championship System","Ismael Bonfim"
"Costa Rican Football League System","Inter San Carlos"
"Costa Rican Football League System","Municipal Perez Zeledon"
"Icelandic Football League System","Stjarnan"
"Icelandic Football League System","KA Akureyri"
"French Football League System","Nancy"
"French Football League System","Guingamp"
"French Football League System","AS Nancy Lorraine"
"French Football League System","EA Guingamp"
"Dutch Football League System","PSV Eindhoven"
"Dutch Football League System","SC Heerenveen"
"Dutch Football League System","Heerenveen"
"English Football League","Oxford United"
"French Football League System","US du Littoral de Dunkerque"
"French Football League System","FC Annecy"
"French Football League System","Montpellier Hsc"
"French Football League System","Grenoble Foot"
"French Football League System","Montpellier"
"French Football League System","Grenoble"
"Finnish Hockey League System","Kiekko"
"Finnish Hockey League System","Espoo"
"French Football League System","Le Mans FC"
"French Football League System","USL Dunkerque"
"Ultimate Fighting Championship System","Andre Fili"
"Ultimate Fighting Championship System","Kai Kamaka III"
"NCAA American Football System","East Carolina Pirates"
"ATP","Buse/Vallejo"
"ATP","Andreozzi/Guinard"
"Maltese Football League System","Mosta"
"Maltese Football League System","Birzebbuga"
"National Hockey League System","Gavin McKenna"
"Italian Football League System","US Avellino 1912"
"Italian Football League System","Sampdoria Genoa"
"Bosnian Football League System","FK Velez Mostar"
"Bosnian Football League System","Siroki Brijeg"
"ATP","Ruud"
"Italian Football League System","FC Internazionale Milano"
"Italian Football League System","Parma Calcio 1913"
"German Football League System","SC Paderborn 07"
"German Football League System","VfB Stuttgart 1893"
"Italian Football League System","Genoa CFC"
"Italian Football League System","US Lecce"
"Italian Football League System","Bologna FC 1909"
"ATP","Couto Loureiro/Ribero"
"ATP","Casanova/Villanueva"
"NCAA American Football System","Ohio State (5)"
"ATP","Se Baez"
"English Football League","Swansea City"
"ATP","Elmer Moeller"
"ATP","Tiago Pereira"
"ATP","Moller"
"ATP","Ti Pereira"
"Bangladeshi Football League System","Bangalore Dream United FC"
"Qatari Football League System","Al Sadd"
"Paraguayan Football League System","Tacuary"
"Esports League System","100 Thieves"
"British Basketball League System","Leicester Riders"
"British Basketball League System","Bristol Flyers"
"Finnish Hockey League System","Porin Assat"
"Spanish Football League System","Racing Santander"
"South Korean Football League System","Gimhae FC"
"South Korean Football League System","Chungnam Asan"
"South Korean Football League System","Gimhae City"
"National Hockey League System","Jamie Drysdale"
"ATP","B Gojo"
"Argentine Football League System","CA Aldosivi"
"Argentine Football League System","CA Sarmiento"
"Argentine Football League System","Aldosivi"
"Argentine Football League System","Sarmiento de Junin"
"NCAA American Football System","Boise State (23)"
"French Basketball League System","Chartres"
"French Basketball League System","UF Angers Basket 49"
"French Basketball League System","C Chartres Basket Feminin (W)"
"French Basketball League System","UF Angers Basket 49 (W)"
"Colombian Football League System","Tolima"
"Esports League System","Paper Rex"
"Esports League System","T1"
"Czech Youth Football League System","SK Sigma Olomouc U19"
"Czech Youth Football League System","FK Teplice U19"
"Czech Youth Football League System","Sigma Olomouc"
"Czech Youth Football League System","Teplice"
"French Basketball League System","Stade Rochelais"
"French Basketball League System","Stade Rochelais Basket"
"French Basketball League System","Saint"
"WTA","Prozorova/Sasnovich"
"WTA","Tatiana Prozorova / Aliaksandra Sasnovich"
"WTA","Zongyu Li / Wushuang Zheng"
"Malaysian Football League System","Penang"
"Bosnian Football League System","Borac Banja Luka"
"Bosnian Football League System","BSK Banja Luka"
"Bolivian Football League System","S A Bulo Bulo"
"Jordanian Football League System","Al Hussein SC"
"Finnish Football League System","SJK Seinajoki"
"Finnish Football League System","Lahti"
"Finnish Football League System","SJK"
"Mexican Football League System","Tigres de la UANL"
"Algerian Football League System","JS Kabylie"
"Algerian Football League System","ASO Chlef"
"Algerian Football League System","Kabylie"
"Austrian Football League System","First Vienna"
"Austrian Football League System","St. Polten"
"Austrian Football League System","First Vienna Fc 1894"
"Austrian Football League System","St Polten"
"Czech Youth Football League System","FC Zbrojovka Brno U19"
"French Football League System","Pau FC"
"French Football League System","Stade Lavallois"
"French Football League System","Pau"
"French Football League System","Laval"
"Brazilian Football League System","America"
"Argentine Football League System","Instituto AC Cordoba"
"Argentine Football League System","Instituto"
"Lithuanian Football League System","BE1 NFA"
"Lithuanian Football League System","Dainava Alytus"
"Lithuanian Football League System","FK Dainava Alytus"
"Czech Youth Football League System","Dynamo Ceske Budejovice"
"Czech Youth Football League System","MFK Karvina"
"Czech Youth Football League System","Ceske Budejovice U19"
"Czech Youth Football League System","MFK OKD Karvina U19"
"USA American Football League System","Jake Ferguson"
"Czech Youth Football League System","Slavia Prague"
"Czech Youth Football League System","SK Slavia Praha U19"
"National Hockey League System","Chicago Blackhawks"
"Argentine Football League System","Instituto de Cordoba"
"Spanish Football League System","Real Zaragoza"
"WTA","Yelyzaveta Kotliar"
"WTA","Arina Arifullina"
"Brazilian Football League System","Palmeiras SP"
"Czech Youth Football League System","Zlin"
"Czech Youth Football League System","Fastav Zlin U19"
"Greek Football League System","Kifisia FC"
"Greek Football League System","Panetolikos"
"Greek Football League System","Kifisia"
"Spanish Football League System","Reial Club Deportiu Espanyol"
"Swedish Hockey League System","Malmo Redhawks"
"Swedish Hockey League System","Malmo IF"
"Chilean Football League System","San Marcos de Arica"
"Uruguayan Football League System","Central Espanol FC"
"Israeli Football League System","Hapoel Bnei Musmus"
"NCAA American Football System","Marist"
"NCAA American Football System","Marist Red Foxes"
"WTA","Katarina Zavatska"
"WTA","Kat Zavatska"
"ATP","Sanchez Jover"
"Bangladeshi Football League System","Brothers Union"
"Bangladeshi Football League System","Fortis FC Limited"
"Czech Youth Football League System","Viktoria Plzen"
"Czech Youth Football League System","Plzen U19"
"Country","Croatia Women"
"Country","Iceland Women"
"Country","Finland Women"
"Country","Serbia Women"
"Country","Belgium Women"
"Country","Poland Women"
"Country","Turkiye Women"
"Country","Slovenia Women"
"English Youth Football League System","Newcastle United U21"
"English Youth Football League System","Luton Town U21"
"ATP","Dalla Valle"
"ATP","Passaro"
"South Korean Football League System","Changwon City"
"South Korean Football League System","Pocheon FC"
"South Korean Football League System","Pocheon"
"Salvadoran Football League System","CD Platense"
"Hungarian Handball League System","FTC"
"Hungarian Handball League System","Pler"
"Estonian Football League System","FCI Levadia Tallinn U21"
"Estonian Football League System","Levadia Tallinn II"
"ATP","Karen Khachanov"
"Slovenian Football League System","Tabor Sezana"
"NCAA American Football System","Alabama"
"Italian Football League System","Sassuolo Calcio"
"Country","Kazakhstan Women"
"Country","Republic of Ireland Women"
"Polish Women's Volleyball League System","Budowlani Lodz"
"Polish Women's Volleyball League System","LKS Lodz"
"Polish Women's Volleyball League System","Budowlani Lodz (W)"
"Polish Women's Volleyball League System","LKS Lodz (W)"
"Mexican Football League System","Club Puebla"
"Country","Slovakia Women"
"Country","Ukraine Women"
"Chinese Football League System","Qingdao Hainiu FC"
"Chinese Football League System","Beijing Guoan FC"
"Finnish Football League System","KaPa"
"Finnish Football League System","MP"
"Italian Football League System","Calcio Padova Spa"
"Italian Football League System","Carrarese Calcio"
"South Korean Football League System","Seongnam FC"
"Turkish Football League System","Bodrum FK"
"Turkish Football League System","Keciorengucu"
"Turkish Football League System","Bodrumspor"
"Finnish Football League System","Mikkelin Palloilijat"
"Finnish Football League System","Klubi"
"Finnish Football League System","04"
"Swedish Football League System","Vasteras SK FK"
"Swedish Football League System","Vasteras"
"Japanese Football League System","V"
"Austrian Football League System","SKU Amstetten"
"Austrian Football League System","BW Linz"
"Austrian Football League System","SKU Ertl Glas Amstetten"
"Austrian Football League System","FC Blau"
"Austrian Football League System","FC Blau Weiss Linz"
"Romanian Football League System","Sepsi"
"Romanian Football League System","Dinamo Bucuresti"
"Romanian Football League System","ACS Sepsi OSK"
"Romanian Football League System","Dinamo Bucharest"
"Spanish Football League System","Barakaldo"
"Irish Football League System","Sligo Rovers"
"Romanian Football League System","ACS Sepsi Osk Sfantu Gheorghe"
"Romanian Football League System","FC Dinamo Bucuresti 1948"
"Romanian Football League System","Sepsi OSK Sfantu Gheorghe"
"Romanian Football League System","FC Dinamo 1948 Bucuresti"
"Swiss Football League System","Kriens"
"Swiss Football League System","FC Wil"
"Latvian Football League System","FK Tukums 2000"
"Latvian Football League System","FK Riga"
"Latvian Football League System","FK Tukums 2000/Tss"
"Latvian Football League System","Riga FC"
"Finnish Football League System","Klubi 04"
"Finnish Football League System","Ekenas Idrottsforening"
"Swiss Football League System","SC Kriens"
"Swiss Football League System","FC Wil 1900"
"South African Cricket League System","Eastern Cape Linyathi"
"Croatian Basketball League System","Kk Samobor"
"Croatian Basketball League System","KK Cibona"
"Croatian Basketball League System","Cibona"
"Finnish Football League System","Talenttiklubi 04 (HJK Helsinki II)"
"Finnish Football League System","Ekenas IF"
"New Zealand Basketball League System","Mainland Pouakai"
"New Zealand Basketball League System","Mid"
"Thai Football League System","Phrae United"
"Thai Football League System","Kanchanaburi"
"ATP","Matteo Covato"
"ATP","Felipe de Dios"
"Indonesian Football League System","Madura United FC"
"WTA","Ksenia Laskutova"
"WTA","Wozuko Mdlulwa"
"Hong Kong Football League System","North District FC"
"German Handball League System","SG Bietigheim"
"UAE Football League System","Dibba Al Fujairah"
"Argentine Football League System","Club Atletico Sarmiento De Junin"
"Italian Football League System","Palermo"
"European Basketball Club Competition System","Barcelona"
"Danish Football League System","AB"
"Danish Football League System","Aarhus Fremad"
"Danish Football League System","Akademisk Boldklub"
"Portuguese Football League System","Gil Vicente F.C."
"Japanese Football League System","Mito Hollyhock"
"ATP","Seggerman/Wang"
"ATP","Santillan/Zheng"
"Bangladeshi Football League System","Rahmatganj MFS"
"Bangladeshi Football League System","PWD Sports Club"
"Estonian Football League System","Tartu JK Welco"
"Estonian Football League System","JK Welco Elekter"
"Japanese Football League System","G"
"Turkish Football League System","Galatasaray SK"
"Lithuanian Football League System","Dainava"
"Finnish Football League System","FC Lahti"
"Chinese Football League System","Zhejiang"
"Chinese Football League System","Shanghai Port"
"Chinese Football League System","Zhejiang Professional FC"
"Chinese Football League System","Shanghai Port FC"
"Russian Hockey League System","HC Akm Tula"
"Russian Hockey League System","Yuzhny Ural Orsk"
"Argentine Football League System","CA River Plate"
"Argentine Football League System","AA Estudiantes de Rio Cuarto"
"Italian Football League System","US Latina"
"Italian Football League System","Latina"
"Turkish Football League System","Alanyaspor"
"Turkish Football League System","BB Erzurumspor"
"Finnish Basketball League System","KTP Basket Kotka"
"Finnish Basketball League System","KTP Basket"
"Turkish Football League System","Erzurum BB"
"Argentine Football League System","CA Tigre"
"Argentine Football League System","CA Banfield"
"Argentine Football League System","Banfield"
"Austrian Football League System","Austria Vienna"
"Austrian Football League System","FK Austria Wien"
"Austrian Football League System","SK Sturm Graz"
"Austrian Football League System","Linzer Athletik Sport Klub"
"Austrian Football League System","SK Rapid"
"Austrian Football League System","Rapid Vienna"
"Chinese Football League System","Chongqing Tonglianglong FC"
"Chinese Football League System","Shandong Taishan FC"
"Chinese Football League System","Chongqing Tonglianglong"
"Chinese Football League System","Shandong Taishan"
"Chinese Football League System","Liaoning Tieren"
"Chinese Football League System","Wuhan Three Towns"
"Chinese Football League System","Shenyang Urban FC"
"Czech Football League System","FC Slovan Liberec"
"Czech Football League System","1. FC Slovacko"
"Czech Football League System","Slovan Liberec"
"Czech Football League System","Slovacko"
"English Football League","Charlton Athletic"
"English Football League","Bristol City"
"Czech Football League System","FC Viktoria Plzen"
"Czech Football League System","FK Mlada Boleslav"
"Czech Football League System","Mlada Boleslav"
"Croatian Football League System","Lokomotiva Zagreb"
"Croatian Football League System","Varazdin"
"English Football League","Preston North End FC"
"English Football League","Millwall FC"
"English Football League","Preston North End"
"English Football League","Millwall"
"English Football League","West Bromwich"
"English Football League","Birmingham"
"English Football League","Birmingham City"
"Chinese Football League System","Shanghai Shenhua"
"Chinese Football League System","Yunnan Yukun"
"Icelandic Football League System","Fram Reykjavik"
"Icelandic Football League System","KR Reykjavik"
"Japanese Football League System","Nagoya Grampus"
"Icelandic Football League System","Thor Akureyri"
"Peruvian Football League System","Comerciantes Unidos"
"Scottish Football League System","Motherwell"
"American Football League System","Colorado Rapids"
"Icelandic Football League System","FH Hafnarfjordur"
"Swedish Football League System","AIK"
"Swedish Football League System","Brommapojkarna"
"Swedish Football League System","IF Brommapojkarna"
"Indonesian Football League System","RANS Nusantara FC"
"Polish Football League System","Cracovia Krakow"
"Japanese Football League System","FC Machida Zelvia"
"Northern Irish Football League System","Ards"
"Chinese Football League System","Chengdu Rongcheng"
"Chinese Football League System","Tianjin Jinmen Tiger"
"Chinese Football League System","Chengdu Rongcheng FC"
"Chinese Football League System","Tianjin Jinmen Tiger FC"
"Scottish Football League System","Motherwell FC"
"Scottish Football League System","Celtic FC"
"Finnish Football League System","Seinajoen Jalkapallokerho"
"Scottish Football League System","Dundee United"
"Scottish Football League System","Hibernian"
"Scottish Football League System","Dundee United FC"
"Scottish Football League System","Hibernian FC"
"Dutch Football League System","AFC Ajax"
"Dutch Football League System","Nijmegen Eendracht Combinatie"
"Dutch Football League System","NEC"
"Bangladeshi Football League System","Dhaka Wanderers"
"Country","Montenegro (W)"
"Country","Bosnia (W)"
"Country","Bosnia And Herzegovina (W)"
"UAE Football League System","Arabi Umm Quwain"
"Argentine Football League System","CA Central Cordoba de Santiago del Estero"
"Argentine Football League System","Club Estudiantes de La Plata"
"Argentine Football League System","Tigre"
"Czech Football League System","Teplice"
"Czech Football League System","Sigma Olomouc"
"Czech Football League System","FK Teplice"
"Czech Football League System","SK Sigma Olomouc"
"National League System","Carlisle United FC"
"National League System","Kidderminster Harriers FC"
"National League System","Carlisle United"
"National League System","Kidderminster Harriers"
"Kenyan Football League System","Nairobi United"
"Kenyan Football League System","KCB"
"Hong Kong Football League System","Eastern Athletic"
"Welsh Football League System","Holywell Town"
"Welsh Football League System","The New Saints"
"Welsh Football League System","The New Saints FC"
"Thai Football League System","Kanchanaburi Power FC"
"Mexican Football League System","CD Tapatio"
"Czech Football League System","Slavia Praha B"
"Czech Football League System","FC Sellier & Bellot Vlasim"
"Czech Football League System","Slavia Prague II"
"Czech Football League System","Vlasim"
"Turkish Football League System","Genclerbirligi"
"Turkish Football League System","Amedspor"
"Country","JuRo Unirek"
"Country","Yellow Winterthur"
"European Handball League System","JuRo Unirek (W)"
"European Handball League System","Yellow Winterthur (W)"
"Turkish Football League System","Genclerbirligi SK"
"Austrian Football League System","Wiener Sport"
"Lithuanian Football League System","FK Siauliai II"
"Lithuanian Football League System","FK Kauno Zalgiris 2"
"Lithuanian Football League System","FA Siauliai II"
"Lithuanian Football League System","Kauno Zalgiris II"
"Ukrainian Football League System","FK Metal Kharkiv"
"Ukrainian Football League System","Metalist Kharkiv"
"Swedish Football League System","Hacken"
"Swedish Football League System","Orgryte"
"Swedish Football League System","BK Hacken"
"Swedish Football League System","Orgryte IS FF"
"Algerian Football League System","Irb Sidi M Hamed Benali"
"Algerian Football League System","NA Hussein Dey"
"Algerian Football League System","Sidi Benali"
"German Football League System","Eintracht Braunschweig"
"National Hockey League System","Dylan Larkin"
"North American Basketball League System","Dallas Mavericks"
"North American Basketball League System","Houston Rockets"
"Finnish Hockey League System","Jukurit Mikkeli"
"Japanese Football League System","SC Sagamihara"
"Global Esports League System","1W (Kills)"
"Global Esports League System","PVISION (Kills)"
"Swedish Football League System","Malmo"
"Swedish Football League System","Kalmar"
"Swedish Football League System","Malmo FF"
"Swedish Football League System","Kalmar FF"
"European Basketball Club Competition System","Chris Duarte"
"English Youth Football League System","West Ham U21"
"WTA","Andreescu"
"WTA","Blinkova"
"WTA","Bianca Andreescu"
"WTA","Anna Blinkova"
"Japanese Basketball League System","Tsukuba Robots"
"Japanese Basketball League System","Tochigi Brex"
"Chilean Football League System","CSD Rangers"
"Czech Youth Football League System","Zbrojovka Brno"
"Japanese Basketball League System","Earthfriends Tokyo Z"
"Japanese Basketball League System","Tokyo Hachioji Trains"
"Japanese Basketball League System","Earth Friends Tokyo Z"
"Swedish Handball League System","Amo Handboll"
"UAE Football League System","Al Arabi (UAE)"
"UAE Football League System","Gulf United"
"Swedish Football League System","Orebro SK"
"Israeli Football League System","Hapoel Umm Al Fahm"
"New Zealand Basketball League System","Southern Hoiho"
"New Zealand Basketball League System","Tokomanawa Queens"
"Japanese Basketball League System","Aishin Sea Horses"
"Egyptian Football League System","El"
"Egyptian Football League System","Entag El"
"Portuguese Football League System","Moreirense FC"
"Finnish Hockey League System","Sport Vaasa"
"Irish Football League System","Treaty United"
"WTA","Hsieh/Ostapenko"
"WTA","Hsieh S / Ostapenko J"
"Algerian Football League System","Beni Oualbane"
"Algerian Football League System","JSD Jijel"
"Algerian Football League System","JS Djijel"
"Chinese Football League System","Shenzhen Peng City F.C"
"Chinese Football League System","Henan Jianye F.C"
"French Football League System","Monaco"
"French Football League System","Toulouse"
"French Football League System","AS Monaco"
"French Football League System","Toulouse FC"
"German Football League System","Sport"
"German Football League System","Club Freiburg"
"Irish Football League System","Sligo Rovers FC"
"French Football League System","AS Monaco FC"
"Nigerian Football League System","Katsina United"
"Dutch Football League System","FC Utrecht"
"Dutch Football League System","Willem II"
"Dutch Football League System","Utrecht"
"Indonesian Football League System","Adhyaksa FC"
"Indonesian Football League System","Persebaya Surabaya"
"Turkish Football League System","Samsunspor"
"Turkish Football League System","Trabzonspor"
"Indonesian Football League System","Isenmulang Kalteng FC"
"Indonesian Football League System","Isenmulang Kalteng"
"Spanish Football League System","Santomera"
"Spanish Football League System","Deportivo Maritimo"
"Swedish Football League System","Landskrona Bois"
"Swedish Football League System","Sandvikens IF"
"Swedish Football League System","Landskrona"
"Danish Football League System","FC Midtjylland"
"Danish Football League System","FC København"
"Danish Football League System","Midtjylland"
"Chinese Football League System","Henan Songshan Longmen"
"Chilean Football League System","Magallanes"
"Norwegian Football League System","SK Brann"
"Swedish Hockey League System","Roma HK"
"German Football League System","SC Freiburg"
"Azerbaijani Football League System","Neftchi Baku"
"Azerbaijani Football League System","FC Sabah"
"German Football League System","FC Magdeburg"
"German Football League System","Hannover"
"German Football League System","Hannover 96"
"English Football League","Norwich City FC"
"English Football League","Northampton Town FC"
"Hungarian Handball League System","Gyori ETO KC"
"Hungarian Handball League System","Balatonfuredi Kse"
"Hungarian Handball League System","Agrofeed ETO"
"Hungarian Handball League System","Szese"
"Polish Football League System","Rakow Czestochowa"
"Polish Football League System","GKS Katowice"
"English Youth Football League System","Arsenal"
"English Youth Football League System","Sunderland"
"English Youth Football League System","Arsenal FC Reserve"
"English Youth Football League System","Sunderland Reserve"
"North American Basketball League System","Chicago Bulls"
"English Football League","Tottenham"
"English Football League","Tottenham Hotspur"
"Swiss Football League System","St. Gallen"
"Swiss Football League System","FC St. Gallen"
"Swiss Football League System","FC Lausanne"
"Mexican Football League System","Alacranes de Durango"
"Finnish Football League System","VPS Vaasa"
"French Football League System","Nantes"
"French Football League System","Reims"
"Austrian Football League System","First Vienna II"
"Austrian Football League System","Gerasdorf Stammersdorf"
"French Women's Volleyball League System","Asptt Mulhouse Volley"
"French Women's Volleyball League System","Ball (W)"
"French Women's Volleyball League System","Volley Mulhouse Alsace"
"French Women's Volleyball League System","Terville Florange OC"
"UAE Football League System","Bani Yas"
"Swiss Football League System","Grand"
"Swiss Football League System","FC Grand"
"UAE Football League System","Ajman"
"Global Esports League System","Turma do Pagode"
"Global Esports League System","Galorys"
"Armenian Football League System","FC Van"
"Armenian Football League System","Gandzasar Kapan"
"Global Esports League System","BORRACHEIROS"
"Irish Football League System","Kerry FC"
"Cypriot Football League System","Omonia"
"Ukrainian Football League System","Veres Rivne"
"ATP","Ovcharenko/Wehnelt"
"Finnish Football League System","JIPPO"
"Bulgarian Football League System","CSKA 1948"
"Bulgarian Football League System","CSKA Sofia"
"Bulgarian Football League System","FK CSKA 1948 Sofia"
"Bulgarian Football League System","PFK CSKA Sofia"
"Swiss Football League System","Bavois"
"Swiss Football League System","Amical Saint"
"Swiss Football League System","FC Bavois"
"Swiss Football League System","FC Amical Saint"
"Argentine Basketball League System","CA Lanus"
"Argentine Basketball League System","Obera Tenis Club"
"German Football League System","Rot Weiss Oberhausen"
"German Football League System","Bocholt"
"Dutch Football League System","Jong Ajax"
"Dutch Football League System","Jong Ajax Amsterdam"
"English Youth Football League System","Nottingham Forest U21"
"Polish Football League System","BTS Rekord B"
"Polish Football League System","B"
"English Football League","Liverpool"
"English Youth Football League System","Birmingham City Reserve"
"English Youth Football League System","Birmingham U21"
"Croatian Football League System","Kustosija"
"Croatian Football League System","Mladost Zdralovi"
"Finnish Hockey League System","Karpat Oulu"
"English Youth Football League System","Brentford Reserve"
"English Youth Football League System","Derby County Reserve"
"Croatian Football League System","NK Mladost Zdralovi"
"Swiss Football League System","FC Zurich"
"Swiss Football League System","Thun"
"Swiss Football League System","FC Thun"
"Thai Football League System","Nakhon Pathom United"
"Thai Football League System","Muang Thong United"
"Jordanian Football League System","Al Hussein Irbid"
"English Youth Football League System","Burnley FC Reserve"
"English Youth Football League System","Preston North End Reserves"
"English Youth Football League System","Burnley U21"
"English Youth Football League System","Preston North End U21"
"Uzbekistani Football League System","Buxoro FK"
"Uzbekistani Football League System","FK Andijan"
"Romanian Football League System","Metalul Buzau"
"French Basketball League System","Levallois Basketball"
"Austrian Football League System","Kapfenberger SV"
"Austrian Football League System","KSV 1919"
"Singaporean Football League System","Geylang International"
"Singaporean Football League System","FC Jurong"
"Singaporean Football League System","Geylang International FC"
"Singaporean Football League System","Albirex Niigata Singapore FC"
"Austrian Football League System","Kapfenberger SV 1919"
"Austrian Football League System","Young Violets Austria Wien"
"Algerian Football League System","USM Annaba"
"Algerian Football League System","US Chaouia"
"Austrian Football League System","Young Violets FK Austria Wien"
"Country","SCM Craiova"
"Country","SCM Zalau"
"Country","Scmu Craiova"
"Country","Css Cne Lapi Dej Scm Zalau"
"Czech Basketball League System","Slavoj BK Litomerice"
"Saudi Arabian Football League System","Fateh"
"National League System","Chelmsford"
"Czech Hockey League System","HC Energie Karlovy Vary"
"Spanish Basketball League System","CD Maristas Palencia"
"Spanish Basketball League System","Hestia Menorca"
"Spanish Basketball League System","Palencia Baloncesto"
"Spanish Basketball League System","Menorca Basquet"
"Finnish Football League System","JS Hercules"
"Finnish Football League System","TP"
"Belgian Football League System","La Louviere"
"Belgian Football League System","Bruges"
"Belgian Football League System","RAAL La Louviere"
"Belgian Football League System","Club Brugge"
"ATP","Arends/Johnson"
"ATP","Melo/Zverev"
"Czech Hockey League System","HC Litvinov"
"Italian Football League System","Arezzo"
"Italian Football League System","Cremonese"
"Italian Football League System","US Cremonese"
"Spanish Football League System","CE Sabadell"
"Country","Morocco (W)"
"National League System","Eastbourne Borough"
"Norwegian Basketball League System","Froeya Ambassadors"
"Norwegian Basketball League System","Froya"
"National League System","Ilkeston Town FC"
"National League System","Ilkeston Town"
"ATP","Pavlasek/Rikl"
"ATP","Arevalo/Pavic"
"Polish Basketball League System","Astoria Bydgoszcz"
"Polish Basketball League System","GTK Gliwice"
"Polish Basketball League System","Enea Astoria Bydgoszcz"
"Austrian Football League System","spusu SKN St. Polten"
"Polish Football League System","Chojniczanka Chojnice"
"Polish Football League System","Podhale Nowy Targ"
"Polish Football League System","NKP Podhale Nowy Targ"
"German Football League System","Osnabruck"
"German Football League System","Dresden"
"German Football League System","Dynamo Dresden"
"Swedish Hockey League System","Ostersunds IK"
"Swedish Hockey League System","MODO Hockey"
"English Football League","Coventry"
"English Football League","Newcastle"
"English Football League","Coventry City"
"English Football League","Newcastle United"
"National League System","Tamworth"
"National League System","Barrow"
"National League System","Tamworth FC"
"English Football League","Coventry City FC"
"English Football League","Newcastle United FC"
"German Hockey League System","Grizzlys Wolfsburg"
"South Korean Football League System","Jeonnam Dragons"
"South Korean Football League System","Yongin FC"
"New Zealand Football League System","Miramar Rangers"
"South Korean Football League System","Gimhae"
"Country","Mexico Women"
"Country","Jamaica Women"
"ATP","Cerundolo/Tirante"
"Polish Hockey League System","Zaglebie Sosnowiec"
"Croatian Football League System","BSK Bijelo Brdo"
"Slovak Basketball League System","BK Patrioti Levice"
"German Hockey League System","SERC Wild Wings"
"German Hockey League System","Schwenninger Wild Wings"
"Italian Football League System","Palermo FC"
"Croatian Football League System","HNK Gorica"
"Croatian Football League System","Rudes"
"Finnish Football League System","Honka"
"Finnish Football League System","JBK"
"German Football League System","Hoffenheim II"
"Swedish Football League System","Degerfors"
"Swedish Football League System","Degerfors IF"
"German Handball League System","Eulen Ludwigshafen"
"German Handball League System","GWD Minden"
"Swedish Hockey League System","Sodertalje SK"
"Swiss Hockey League System","Rapperswil"
"Swiss Hockey League System","SC Rapperswil"
"Norwegian Football League System","FK Jerv"
"Norwegian Football League System","FK Arendal"
"Norwegian Football League System","Jerv"
"Norwegian Football League System","Arendal"
"Jordanian Football League System","Jazeera Amman"
"Cypriot Football League System","Anorthosis"
"Cypriot Football League System","Pafos FC"
"Cypriot Football League System","Anorthosis Famagusta"
"Cypriot Football League System","Pafos"
"Danish Hockey League System","Rungsted Hockey"
"Danish Hockey League System","Rungsted Seier Capital"
"Swedish Football League System","Aatvidabergs"
"Swiss Hockey League System","Langnau Tigers"
"German Football League System","TSG Hoffenheim"
"German Football League System","TSG 1899 Hoffenheim"
"Jordanian Football League System","Al Jazeera Club Amman"
"Jordanian Football League System","Al Wehdat Jor"
"English Youth Football League System","Southampton FC Reserve"
"English Youth Football League System","Southampton U21"
"German Hockey League System","Kolner"
"German Hockey League System","Schwenninger"
"Swedish Hockey League System","Grastorps IK"
"Swedish Hockey League System","Huddinge IK"
"Danish Football League System","FC Nordsjælland"
"Swedish Hockey League System","Vasteras IK"
"German Football League System","VfB Stuttgart"
"German Football League System","SC Paderborn"
"Swedish Hockey League System","Nybro IF"
"Indonesian Football League System","Psim Yogyakarta"
"Indonesian Football League System","Persija Jakarta"
"French Hockey League System","Aigles de Nice"
"French Hockey League System","Angers Ducs"
"French Hockey League System","Nice Aigles"
"French Hockey League System","Angers"
"Russian Football League System","Rostov"
"Russian Football League System","Akron Togliatti"
"English Youth Football League System","Newcastle U21"
"Portuguese Football League System","Penafiel"
"Portuguese Football League System","AVS Futebol SAD"
"Swiss Football League System","Neuchatel Xamax"
"Swiss Football League System","Winterthur"
"Country","Malta (W)"
"Country","Luxembourg (W)"
"Swiss Football League System","Neuchatel Xamax FCS"
"Swiss Football League System","FC Winterthur"
"Greek Football League System","Iraklis 1908 FC"
"Greek Football League System","Iraklis"
"Turkish Football League System","Van Buyuksehir Belediyespor"
"Turkish Football League System","Bandirmaspor"
"Turkish Football League System","Vanspor"
"WTA","Catherine McNally"
"Country","Brazil (W)"
"Country","Argentina (W)"
"Saudi Arabian Football League System","Nassr"
"NCAA American Football System","Massachusetts Minutemen"
"NCAA American Football System","Miami RedHawks"
"Swiss Football League System","Stade Nyonnais"
"Swiss Football League System","Aarau"
"English Youth Football League System","Cardiff City U21"
"English Youth Football League System","Leicester U21"
"English Youth Football League System","Brighton U21"
"Colombian Football League System","Real Soacha Cundinamarca FC"
"Colombian Football League System","Real Santander"
"South Korean Football League System","Paju Citizen"
"South Korean Football League System","Busan IPark"
"South Korean Football League System","Paju Frontier"
"Dutch Football League System","RKC Waalwijk"
"WTA","Lois Boisson"
"South African Football League System","University Of Pretoria FC"
"South African Football League System","Leicesterford City FC"
"South African Football League System","Pretoria University"
"South African Football League System","Leicesterford City"
"Ecuadorian Football League System","Libertad FC"
"Ecuadorian Football League System","CD Leones del Norte"
"English Youth Football League System","Reading U21"
"English Youth Football League System","Norwich U21"
"ATP","Le Tien"
"ATP","Svajda"
"Swiss Football League System","Etoile Carouge"
"Swiss Football League System","Yverdon"
"Swiss Football League System","Etoile Carouge FC"
"Swiss Football League System","Yverdon Sport FC"
"German Football League System","Wurzburger Kickers"
"German Football League System","Hansa Rostock"
"BNXT League System","Limburg United"
"German Women's Handball League System","SV Union Halle"
"German Women's Handball League System","Neustadt (W)"
"Finnish Football League System","TPS"
"Finnish Football League System","Jaro"
"Finnish Football League System","FF Jaro"
"Portuguese Football League System","Sporting Lisbon"
"Malaysian Football League System","Kuching FA"
"Malaysian Football League System","Wan Tendong Stable"
"Malaysian Football League System","Kelantan WTS"
"Swedish Football League System","United IK Nordic"
"Welsh Football League System","Trefelin BGC"
"Welsh Football League System","Cardiff Metropolitan"
"Welsh Football League System","Trefelin"
"Irish Football League System","Wexford"
"Irish Football League System","Wexford F.C"
"French Rugby League System","USA Perpignan"
"Argentine Football League System","Arsenal de Sarandi"
"Argentine Football League System","Arsenal FC"
"English Football League","Tomas Soucek"
"German Football League System","1899 Hoffenheim"
"Canadian Hockey League System","Saint John Sea Dogs"
"Canadian Hockey League System","Rouyn"
"Canadian Hockey League System","Rouyn Noranda Huskies"
"Danish Football League System","Lyngby"
"Japanese Basketball League System","Gifu Swoops"
"Danish Handball League System","Aalborg Haandbold"
"Danish Handball League System","Aalborg Handbold"
"Portuguese Handball League System","AM Madeira SAD"
"Portuguese Handball League System","CS Maritimo Madeira"
"Dutch Football League System","Den Haag"
"Dutch Football League System","ADO Den Haag"
"NCAA American Football System","Toledo Rockets"
"NCAA American Football System","Buffalo Bulls"
"ATP","Jodar"
"ATP","Rafael Jodar"
"French Football League System","Troyes AC"
"French Football League System","Troyes"
"Canadian Hockey League System","Chicoutimi Sagueneens"
"Canadian Hockey League System","Cape Breton Eagles"
"Chilean Football League System","Santiago City"
"Chilean Football League System","Colchagua"
"Chilean Football League System","Santiago City FC"
"Chilean Football League System","Colchagua Cd"
"Ultimate Fighting Championship System","Alice Pereira"
"Ultimate Fighting Championship System","Darya Zheleznyakova"
"Polish Basketball League System","Asseco Prokom Gdynia"
"Polish Basketball League System","Trefl Sopot"
"Polish Basketball League System","Arka Gdynia"
"Icelandic Basketball League System","IF Hamar"
"Icelandic Basketball League System","Thor Akureyri"
"Icelandic Basketball League System","Thor AK Akureyri"
"Bulgarian Football League System","Lokomotiv Plovdiv"
"Norwegian Football League System","Vidar"
"Norwegian Football League System","Brattvag"
"NCAA American Football System","Matthew Fuller"
"NCAA American Football System","Matt Fuller"
"Italian Football League System","AC Monza Brianza"
"USA American Football League System","D'Andre Swift"
"Italian Football League System","SS Arezzo"
"Italian Football League System","Unione Sportiva Cremonese"
"Country","Jamaica (W)"
"NCAA American Football System","Oklahoma State Cowboys"
"Argentine Football League System","Talleres"
"Argentine Football League System","Independiente"
"Argentine Football League System","Talleres de Cordoba"
"Bulgarian Football League System","Botev Vratsa"
"NCAA American Football System","DeSean Bishop"
"NCAA American Football System","Dezmen Roebuck"
"Bosnian Football League System","FK BSK Banja Luka"
"European Rugby League System","Zebre"
"English Football League","Blackburn Rovers"
"English Football League","Cardiff City"
"English Football League","Blackburn"
"English Football League","Cardiff"
"WTA","Sara Sorribes Tormo"
"Salvadoran Football League System","CD Platense Municipal Zacatecoluca"
"Norwegian Football League System","Kjelsas"
"English Football League","Preston"
"Estonian Football League System","FC Kuressaare"
"Estonian Football League System","Kuressaare"
"English Football League","Bukayo Saka"
"Croatian Football League System","Dinamo Zagreb"
"National League System","Woking"
"German Football League System","Eintracht Frankfurt"
"Norwegian Football League System","Bodø/Glimt"
"Chinese Football League System","Liaoning Tieren FC"
"Swiss Hockey League System","HC Ambri"
"Swiss Hockey League System","Piotta"
"Portuguese Football League System","CS Maritimo Madeira"
"Country","USA Women"
"Country","Spain Women"
"French Football League System","Angers SCO"
"NCAA American Football System","Navy Midshipmen"
"Canadian Hockey League System","Gatineau Olympiques"
"Canadian Hockey League System","Baie"
"Argentine Basketball League System","Asosiacion Atletica Quimsa"
"Argentine Basketball League System","Atletico Boca Juniors"
"Portuguese Handball League System","SL Benfica"
"English Football League","Huddersfield"
"Portuguese Handball League System","Delta/Belenenses"
"Icelandic Football League System","Thor"
"Canadian Hockey League System","Sudbury Wolves"
"Estonian Football League System","Flora Tallinn II"
"Estonian Football League System","FC Tallinn"
"Canadian Football League System","Hamilton Tiger"
"Canadian Football League System","Cats"
"Costa Rican Football League System","Carmelita"
"Costa Rican Football League System","Ad Carmelita"
"Costa Rican Football League System","Guadalupe F.C"
"English Football League","Stoke"
"English Football League","Stoke City"
"Global Esports League System","HOTU"
"Lithuanian Basketball League System","Alytaus Patriotai"
"Japanese Basketball League System","Iwate Big Bulls"
"Italian Football League System","F.C. Sudtirol"
"Italian Football League System","Alto Adige"
"Italian Football League System","FC Sudtirol"
"Italian Football League System","Ascoli Calcio 1898 FC"
"Italian Football League System","Sudtirol"
"Italian Football League System","Ascoli"
"South Korean Basketball League System","Mobis Phoebus"
"German Football League System","Nurnberg"
"German Football League System","Wolfsburg"
"NCAA American Football System","Rueben Owens"
"Japanese Basketball League System","San"
"Spanish Women's Volleyball League System","Cv Heidelberg (W)"
"Spanish Women's Volleyball League System","CV Aguere (W)"
"Spanish Women's Volleyball League System","CD Heidelberg"
"Spanish Women's Volleyball League System","CV Aguere"
"North American Basketball League System","Jewell Loyd"
"North American Basketball League System","Rhyne Howard"
"Country","El Salvador Women"
"Country","Paraguay Women"
"Spanish Women's Volleyball League System","CD Heidelber Mr Kale Women"
"Spanish Women's Volleyball League System","CV Aguere Women"
"Country","El Salvador (W)"
"Country","Paraguay (W)"
"Japanese Basketball League System","Okinawa Ryukyu Golden Kin"
"Thai Football League System","Uthai Thani"
"Thai Football League System","Rasisalai United"
"Thai Football League System","Rasisalai Utd"
"ATP","Tiafoe"
"French Football League System","FC Lorient"
"French Football League System","Paris FC"
"French Football League System","Lorient"
"South American Basketball Club Competition System","CD Jorge Guzman"
"South American Basketball Club Competition System","SC Corinthians Paulista"
"South American Basketball Club Competition System","Jorge Guzman"
"South American Basketball Club Competition System","Corinthians Paulista"
"Norwegian Football League System","Union Carl Berner"
"European Handball League System","CSM Bucuresti Women"
"European Handball League System","Team Esbjerg Women"
"Belgian Football League System","Club Brugge KV"
"NCAA American Football System","Demond Williams"
"New Zealand Football League System","Wellington Phoenix Academy FC"
"New Zealand Football League System","Birkenhead United AFC"
"Estonian Football League System","Viimsi JK"
"Danish Football League System","Esbjerg"
"Danish Football League System","AaB"
"German Football League System","Sportfreunde Lotte"
